<wxlog>
  <threadId>#main</threadId>
  <timestamp>14:47:21:1126</timestamp>
  <msgtype>MsgWXLogLaunch</msgtype>
  <content>[The WXLogger is launched!]</content>
  <stackFrames>
[CALL STACK][0]: Method:WXTextureTools.Application.Options.OptionsConfig..ctor; File:.0
[CALL STACK][1]: Method:WXTextureTools.Application.App..ctor; File:.0
[CALL STACK][2]: Method:WXTextureTools.Program.Main; File:.0
</stackFrames>
</wxlog>
<wxlog>
  <threadId>#main</threadId>
  <timestamp>14:47:21:1286</timestamp>
  <msgtype>MsgMixture</msgtype>
  <content>string|String[]
OptionsConfig,-option=fb
-dataDir=E:/BaiduNetdiskDownload/毕设/My project - new/TextToolDatas
-classDataPath=E:/BaiduNetdiskDownload/毕设/My project - new/Assets\WX-WASM-SDK-V2\Editor/TextureEditor/classdata.tpk
-sourcePath=E:/BaiduNetdiskDownload/毕设/My project - new/name7\webgl\Build\webgl.data
-do=slim
-outDir=E:/BaiduNetdiskDownload/毕设/My project - new/TextToolDatas\fbslimtTemp
-slimConfPath=E:/BaiduNetdiskDownload/毕设/My project - new/Assets\WX-WASM-SDK-V2\Editor/TextureEditor/slim.conf
</content>
  <stackFrames>
[CALL STACK][0]: Method:WXTextureTools.Application.App..ctor; File:.0
[CALL STACK][1]: Method:WXTextureTools.Program.Main; File:.0
</stackFrames>
</wxlog>
<wxlog>
  <threadId>#main</threadId>
  <timestamp>14:47:21:1306</timestamp>
  <msgtype>MsgMixture</msgtype>
  <content>string|string
UnityBridgeHandler - SetDataDir,E:/BaiduNetdiskDownload/毕设/My project - new/TextToolDatas\temp</content>
  <stackFrames>
[CALL STACK][0]: Method:WXTextureTools.Program.Main; File:.0
</stackFrames>
</wxlog>
<wxlog>
  <threadId>#main</threadId>
  <timestamp>14:47:21:2261</timestamp>
  <msgtype>MsgMixture</msgtype>
  <content>string|string
FirstBundleDel,E:/BaiduNetdiskDownload/毕设/My project - new/TextToolDatas\fbslimConfig.txt</content>
  <stackFrames>
[CALL STACK][0]: Method:WXTextureTools.Application.AppCmdExec.WXSlimFirstBundleExec.todo; File:.0
[CALL STACK][1]: Method:WXTextureTools.Application.App.process; File:.0
[CALL STACK][2]: Method:WXTextureTools.Application.App..ctor; File:.0
</stackFrames>
</wxlog>
<wxlog>
  <threadId>#main</threadId>
  <timestamp>14:47:21:3412</timestamp>
  <msgtype>MsgMixture</msgtype>
  <content>string|string|bool
FirstBundleText slim - pngName,Soft.c1d63e75,false</content>
  <stackFrames>
[CALL STACK][0]: Method:WXTextureTools.Application.FirstBundle.FirstBundleHandler.slim; File:.0
[CALL STACK][1]: Method:WXTextureTools.Application.AppCmdExec.WXSlimFirstBundleExec.todo; File:.0
[CALL STACK][2]: Method:WXTextureTools.Application.App.process; File:.0
</stackFrames>
</wxlog>
<wxlog>
  <threadId>#main</threadId>
  <timestamp>14:47:21:3462</timestamp>
  <msgtype>MsgMixture</msgtype>
  <content>string|string
FirstBundleText slim - 1,Soft</content>
  <stackFrames>
[CALL STACK][0]: Method:WXTextureTools.Application.FirstBundle.FirstBundleHandler.slim; File:.0
[CALL STACK][1]: Method:WXTextureTools.Application.AppCmdExec.WXSlimFirstBundleExec.todo; File:.0
[CALL STACK][2]: Method:WXTextureTools.Application.App.process; File:.0
</stackFrames>
</wxlog>
<wxlog>
  <threadId>#main</threadId>
  <timestamp>14:47:21:3472</timestamp>
  <msgtype>MsgMixture</msgtype>
  <content>string|string|bool
FirstBundleText slim - pngName,Font Texture.8f00b204,false</content>
  <stackFrames>
[CALL STACK][0]: Method:WXTextureTools.Application.FirstBundle.FirstBundleHandler.slim; File:.0
[CALL STACK][1]: Method:WXTextureTools.Application.AppCmdExec.WXSlimFirstBundleExec.todo; File:.0
[CALL STACK][2]: Method:WXTextureTools.Application.App.process; File:.0
</stackFrames>
</wxlog>
<wxlog>
  <threadId>#main</threadId>
  <timestamp>14:47:21:3472</timestamp>
  <msgtype>MsgMixture</msgtype>
  <content>string|string|bool
FirstBundleText slim - pngName,UnityWatermark-small.d7411008,false</content>
  <stackFrames>
[CALL STACK][0]: Method:WXTextureTools.Application.FirstBundle.FirstBundleHandler.slim; File:.0
[CALL STACK][1]: Method:WXTextureTools.Application.AppCmdExec.WXSlimFirstBundleExec.todo; File:.0
[CALL STACK][2]: Method:WXTextureTools.Application.App.process; File:.0
</stackFrames>
</wxlog>
<wxlog>
  <threadId>#main</threadId>
  <timestamp>14:47:21:3482</timestamp>
  <msgtype>MsgMixture</msgtype>
  <content>string|string
FirstBundleText slim - 1,UnityWatermark-small</content>
  <stackFrames>
[CALL STACK][0]: Method:WXTextureTools.Application.FirstBundle.FirstBundleHandler.slim; File:.0
[CALL STACK][1]: Method:WXTextureTools.Application.AppCmdExec.WXSlimFirstBundleExec.todo; File:.0
[CALL STACK][2]: Method:WXTextureTools.Application.App.process; File:.0
</stackFrames>
</wxlog>
<wxlog>
  <threadId>#main</threadId>
  <timestamp>14:47:21:3482</timestamp>
  <msgtype>MsgMixture</msgtype>
  <content>string|string|bool
FirstBundleText slim - pngName,EscToExit_back.21b1540e,false</content>
  <stackFrames>
[CALL STACK][0]: Method:WXTextureTools.Application.FirstBundle.FirstBundleHandler.slim; File:.0
[CALL STACK][1]: Method:WXTextureTools.Application.AppCmdExec.WXSlimFirstBundleExec.todo; File:.0
[CALL STACK][2]: Method:WXTextureTools.Application.App.process; File:.0
</stackFrames>
</wxlog>
<wxlog>
  <threadId>#main</threadId>
  <timestamp>14:47:21:3482</timestamp>
  <msgtype>MsgMixture</msgtype>
  <content>string|string
FirstBundleText slim - 1,EscToExit_back</content>
  <stackFrames>
[CALL STACK][0]: Method:WXTextureTools.Application.FirstBundle.FirstBundleHandler.slim; File:.0
[CALL STACK][1]: Method:WXTextureTools.Application.AppCmdExec.WXSlimFirstBundleExec.todo; File:.0
[CALL STACK][2]: Method:WXTextureTools.Application.App.process; File:.0
</stackFrames>
</wxlog>
<wxlog>
  <threadId>#main</threadId>
  <timestamp>14:47:21:3482</timestamp>
  <msgtype>MsgMixture</msgtype>
  <content>string|string|bool
FirstBundleText slim - pngName,EscToExit_Text.2e1ee8b4,false</content>
  <stackFrames>
[CALL STACK][0]: Method:WXTextureTools.Application.FirstBundle.FirstBundleHandler.slim; File:.0
[CALL STACK][1]: Method:WXTextureTools.Application.AppCmdExec.WXSlimFirstBundleExec.todo; File:.0
[CALL STACK][2]: Method:WXTextureTools.Application.App.process; File:.0
</stackFrames>
</wxlog>
<wxlog>
  <threadId>#main</threadId>
  <timestamp>14:47:21:3482</timestamp>
  <msgtype>MsgMixture</msgtype>
  <content>string|string
FirstBundleText slim - 1,EscToExit_Text</content>
  <stackFrames>
[CALL STACK][0]: Method:WXTextureTools.Application.FirstBundle.FirstBundleHandler.slim; File:.0
[CALL STACK][1]: Method:WXTextureTools.Application.AppCmdExec.WXSlimFirstBundleExec.todo; File:.0
[CALL STACK][2]: Method:WXTextureTools.Application.App.process; File:.0
</stackFrames>
</wxlog>
<wxlog>
  <threadId>#main</threadId>
  <timestamp>14:47:21:3492</timestamp>
  <msgtype>MsgMixture</msgtype>
  <content>string|string|bool
FirstBundleText slim - pngName,UnityWatermark-trial-big.66f46ac8,false</content>
  <stackFrames>
[CALL STACK][0]: Method:WXTextureTools.Application.FirstBundle.FirstBundleHandler.slim; File:.0
[CALL STACK][1]: Method:WXTextureTools.Application.AppCmdExec.WXSlimFirstBundleExec.todo; File:.0
[CALL STACK][2]: Method:WXTextureTools.Application.App.process; File:.0
</stackFrames>
</wxlog>
<wxlog>
  <threadId>#main</threadId>
  <timestamp>14:47:21:3492</timestamp>
  <msgtype>MsgMixture</msgtype>
  <content>string|string
FirstBundleText slim - 1,UnityWatermark-trial-big</content>
  <stackFrames>
[CALL STACK][0]: Method:WXTextureTools.Application.FirstBundle.FirstBundleHandler.slim; File:.0
[CALL STACK][1]: Method:WXTextureTools.Application.AppCmdExec.WXSlimFirstBundleExec.todo; File:.0
[CALL STACK][2]: Method:WXTextureTools.Application.App.process; File:.0
</stackFrames>
</wxlog>
<wxlog>
  <threadId>#main</threadId>
  <timestamp>14:47:21:3502</timestamp>
  <msgtype>MsgMixture</msgtype>
  <content>string|string|bool
FirstBundleText slim - pngName,UnityWatermark-trial.60b4e34e,false</content>
  <stackFrames>
[CALL STACK][0]: Method:WXTextureTools.Application.FirstBundle.FirstBundleHandler.slim; File:.0
[CALL STACK][1]: Method:WXTextureTools.Application.AppCmdExec.WXSlimFirstBundleExec.todo; File:.0
[CALL STACK][2]: Method:WXTextureTools.Application.App.process; File:.0
</stackFrames>
</wxlog>
<wxlog>
  <threadId>#main</threadId>
  <timestamp>14:47:21:3502</timestamp>
  <msgtype>MsgMixture</msgtype>
  <content>string|string
FirstBundleText slim - 1,UnityWatermark-trial</content>
  <stackFrames>
[CALL STACK][0]: Method:WXTextureTools.Application.FirstBundle.FirstBundleHandler.slim; File:.0
[CALL STACK][1]: Method:WXTextureTools.Application.AppCmdExec.WXSlimFirstBundleExec.todo; File:.0
[CALL STACK][2]: Method:WXTextureTools.Application.App.process; File:.0
</stackFrames>
</wxlog>
<wxlog>
  <threadId>#main</threadId>
  <timestamp>14:47:21:3502</timestamp>
  <msgtype>MsgMixture</msgtype>
  <content>string|string|bool
FirstBundleText slim - pngName,UnityWatermark-beta.dd37c61b,false</content>
  <stackFrames>
[CALL STACK][0]: Method:WXTextureTools.Application.FirstBundle.FirstBundleHandler.slim; File:.0
[CALL STACK][1]: Method:WXTextureTools.Application.AppCmdExec.WXSlimFirstBundleExec.todo; File:.0
[CALL STACK][2]: Method:WXTextureTools.Application.App.process; File:.0
</stackFrames>
</wxlog>
<wxlog>
  <threadId>#main</threadId>
  <timestamp>14:47:21:3502</timestamp>
  <msgtype>MsgMixture</msgtype>
  <content>string|string
FirstBundleText slim - 1,UnityWatermark-beta</content>
  <stackFrames>
[CALL STACK][0]: Method:WXTextureTools.Application.FirstBundle.FirstBundleHandler.slim; File:.0
[CALL STACK][1]: Method:WXTextureTools.Application.AppCmdExec.WXSlimFirstBundleExec.todo; File:.0
[CALL STACK][2]: Method:WXTextureTools.Application.App.process; File:.0
</stackFrames>
</wxlog>
<wxlog>
  <threadId>#main</threadId>
  <timestamp>14:47:21:3502</timestamp>
  <msgtype>MsgMixture</msgtype>
  <content>string|string|bool
FirstBundleText slim - pngName,UnityWatermark-edu.a8c472ae,false</content>
  <stackFrames>
[CALL STACK][0]: Method:WXTextureTools.Application.FirstBundle.FirstBundleHandler.slim; File:.0
[CALL STACK][1]: Method:WXTextureTools.Application.AppCmdExec.WXSlimFirstBundleExec.todo; File:.0
[CALL STACK][2]: Method:WXTextureTools.Application.App.process; File:.0
</stackFrames>
</wxlog>
<wxlog>
  <threadId>#main</threadId>
  <timestamp>14:47:21:3502</timestamp>
  <msgtype>MsgMixture</msgtype>
  <content>string|string
FirstBundleText slim - 1,UnityWatermark-edu</content>
  <stackFrames>
[CALL STACK][0]: Method:WXTextureTools.Application.FirstBundle.FirstBundleHandler.slim; File:.0
[CALL STACK][1]: Method:WXTextureTools.Application.AppCmdExec.WXSlimFirstBundleExec.todo; File:.0
[CALL STACK][2]: Method:WXTextureTools.Application.App.process; File:.0
</stackFrames>
</wxlog>
<wxlog>
  <threadId>#main</threadId>
  <timestamp>14:47:21:3502</timestamp>
  <msgtype>MsgMixture</msgtype>
  <content>string|string|bool
FirstBundleText slim - pngName,UnityWatermark-dev.ae1fc174,false</content>
  <stackFrames>
[CALL STACK][0]: Method:WXTextureTools.Application.FirstBundle.FirstBundleHandler.slim; File:.0
[CALL STACK][1]: Method:WXTextureTools.Application.AppCmdExec.WXSlimFirstBundleExec.todo; File:.0
[CALL STACK][2]: Method:WXTextureTools.Application.App.process; File:.0
</stackFrames>
</wxlog>
<wxlog>
  <threadId>#main</threadId>
  <timestamp>14:47:21:3502</timestamp>
  <msgtype>MsgMixture</msgtype>
  <content>string|string
FirstBundleText slim - 1,UnityWatermark-dev</content>
  <stackFrames>
[CALL STACK][0]: Method:WXTextureTools.Application.FirstBundle.FirstBundleHandler.slim; File:.0
[CALL STACK][1]: Method:WXTextureTools.Application.AppCmdExec.WXSlimFirstBundleExec.todo; File:.0
[CALL STACK][2]: Method:WXTextureTools.Application.App.process; File:.0
</stackFrames>
</wxlog>
<wxlog>
  <threadId>#main</threadId>
  <timestamp>14:47:21:3502</timestamp>
  <msgtype>MsgMixture</msgtype>
  <content>string|string|bool
FirstBundleText slim - pngName,WarningSign.59b8d955,false</content>
  <stackFrames>
[CALL STACK][0]: Method:WXTextureTools.Application.FirstBundle.FirstBundleHandler.slim; File:.0
[CALL STACK][1]: Method:WXTextureTools.Application.AppCmdExec.WXSlimFirstBundleExec.todo; File:.0
[CALL STACK][2]: Method:WXTextureTools.Application.App.process; File:.0
</stackFrames>
</wxlog>
<wxlog>
  <threadId>#main</threadId>
  <timestamp>14:47:21:3502</timestamp>
  <msgtype>MsgMixture</msgtype>
  <content>string|string
FirstBundleText slim - 1,WarningSign</content>
  <stackFrames>
[CALL STACK][0]: Method:WXTextureTools.Application.FirstBundle.FirstBundleHandler.slim; File:.0
[CALL STACK][1]: Method:WXTextureTools.Application.AppCmdExec.WXSlimFirstBundleExec.todo; File:.0
[CALL STACK][2]: Method:WXTextureTools.Application.App.process; File:.0
</stackFrames>
</wxlog>
<wxlog>
  <threadId>#main</threadId>
  <timestamp>14:47:21:3512</timestamp>
  <msgtype>MsgMixture</msgtype>
  <content>string|string|bool
FirstBundleText slim - pngName,UnityWatermark-proto.5084375a,false</content>
  <stackFrames>
[CALL STACK][0]: Method:WXTextureTools.Application.FirstBundle.FirstBundleHandler.slim; File:.0
[CALL STACK][1]: Method:WXTextureTools.Application.AppCmdExec.WXSlimFirstBundleExec.todo; File:.0
[CALL STACK][2]: Method:WXTextureTools.Application.App.process; File:.0
</stackFrames>
</wxlog>
<wxlog>
  <threadId>#main</threadId>
  <timestamp>14:47:21:3512</timestamp>
  <msgtype>MsgMixture</msgtype>
  <content>string|string
FirstBundleText slim - 1,UnityWatermark-proto</content>
  <stackFrames>
[CALL STACK][0]: Method:WXTextureTools.Application.FirstBundle.FirstBundleHandler.slim; File:.0
[CALL STACK][1]: Method:WXTextureTools.Application.AppCmdExec.WXSlimFirstBundleExec.todo; File:.0
[CALL STACK][2]: Method:WXTextureTools.Application.App.process; File:.0
</stackFrames>
</wxlog>
<wxlog>
  <threadId>#main</threadId>
  <timestamp>14:47:21:3512</timestamp>
  <msgtype>MsgMixture</msgtype>
  <content>string|string|bool
FirstBundleText slim - pngName,UnityWatermarkPlugin-beta.52403834,false</content>
  <stackFrames>
[CALL STACK][0]: Method:WXTextureTools.Application.FirstBundle.FirstBundleHandler.slim; File:.0
[CALL STACK][1]: Method:WXTextureTools.Application.AppCmdExec.WXSlimFirstBundleExec.todo; File:.0
[CALL STACK][2]: Method:WXTextureTools.Application.App.process; File:.0
</stackFrames>
</wxlog>
<wxlog>
  <threadId>#main</threadId>
  <timestamp>14:47:21:3512</timestamp>
  <msgtype>MsgMixture</msgtype>
  <content>string|string
FirstBundleText slim - 1,UnityWatermarkPlugin-beta</content>
  <stackFrames>
[CALL STACK][0]: Method:WXTextureTools.Application.FirstBundle.FirstBundleHandler.slim; File:.0
[CALL STACK][1]: Method:WXTextureTools.Application.AppCmdExec.WXSlimFirstBundleExec.todo; File:.0
[CALL STACK][2]: Method:WXTextureTools.Application.App.process; File:.0
</stackFrames>
</wxlog>
<wxlog>
  <threadId>#main</threadId>
  <timestamp>14:47:21:3512</timestamp>
  <msgtype>MsgMixture</msgtype>
  <content>string|string|bool
FirstBundleText slim - pngName,box.643f5df8,false</content>
  <stackFrames>
[CALL STACK][0]: Method:WXTextureTools.Application.FirstBundle.FirstBundleHandler.slim; File:.0
[CALL STACK][1]: Method:WXTextureTools.Application.AppCmdExec.WXSlimFirstBundleExec.todo; File:.0
[CALL STACK][2]: Method:WXTextureTools.Application.App.process; File:.0
</stackFrames>
</wxlog>
<wxlog>
  <threadId>#main</threadId>
  <timestamp>14:47:21:3512</timestamp>
  <msgtype>MsgMixture</msgtype>
  <content>string|string
FirstBundleText slim - 1,box</content>
  <stackFrames>
[CALL STACK][0]: Method:WXTextureTools.Application.FirstBundle.FirstBundleHandler.slim; File:.0
[CALL STACK][1]: Method:WXTextureTools.Application.AppCmdExec.WXSlimFirstBundleExec.todo; File:.0
[CALL STACK][2]: Method:WXTextureTools.Application.App.process; File:.0
</stackFrames>
</wxlog>
<wxlog>
  <threadId>#main</threadId>
  <timestamp>14:47:21:3512</timestamp>
  <msgtype>MsgMixture</msgtype>
  <content>string|string|bool
FirstBundleText slim - pngName,button active.c15aedb7,false</content>
  <stackFrames>
[CALL STACK][0]: Method:WXTextureTools.Application.FirstBundle.FirstBundleHandler.slim; File:.0
[CALL STACK][1]: Method:WXTextureTools.Application.AppCmdExec.WXSlimFirstBundleExec.todo; File:.0
[CALL STACK][2]: Method:WXTextureTools.Application.App.process; File:.0
</stackFrames>
</wxlog>
<wxlog>
  <threadId>#main</threadId>
  <timestamp>14:47:21:3512</timestamp>
  <msgtype>MsgMixture</msgtype>
  <content>string|string
FirstBundleText slim - 1,button active</content>
  <stackFrames>
[CALL STACK][0]: Method:WXTextureTools.Application.FirstBundle.FirstBundleHandler.slim; File:.0
[CALL STACK][1]: Method:WXTextureTools.Application.AppCmdExec.WXSlimFirstBundleExec.todo; File:.0
[CALL STACK][2]: Method:WXTextureTools.Application.App.process; File:.0
</stackFrames>
</wxlog>
<wxlog>
  <threadId>#main</threadId>
  <timestamp>14:47:21:3512</timestamp>
  <msgtype>MsgMixture</msgtype>
  <content>string|string|bool
FirstBundleText slim - pngName,button hover.42efb15e,false</content>
  <stackFrames>
[CALL STACK][0]: Method:WXTextureTools.Application.FirstBundle.FirstBundleHandler.slim; File:.0
[CALL STACK][1]: Method:WXTextureTools.Application.AppCmdExec.WXSlimFirstBundleExec.todo; File:.0
[CALL STACK][2]: Method:WXTextureTools.Application.App.process; File:.0
</stackFrames>
</wxlog>
<wxlog>
  <threadId>#main</threadId>
  <timestamp>14:47:21:3512</timestamp>
  <msgtype>MsgMixture</msgtype>
  <content>string|string
FirstBundleText slim - 1,button hover</content>
  <stackFrames>
[CALL STACK][0]: Method:WXTextureTools.Application.FirstBundle.FirstBundleHandler.slim; File:.0
[CALL STACK][1]: Method:WXTextureTools.Application.AppCmdExec.WXSlimFirstBundleExec.todo; File:.0
[CALL STACK][2]: Method:WXTextureTools.Application.App.process; File:.0
</stackFrames>
</wxlog>
<wxlog>
  <threadId>#main</threadId>
  <timestamp>14:47:21:3512</timestamp>
  <msgtype>MsgMixture</msgtype>
  <content>string|string|bool
FirstBundleText slim - pngName,button on hover.2c40c4b8,false</content>
  <stackFrames>
[CALL STACK][0]: Method:WXTextureTools.Application.FirstBundle.FirstBundleHandler.slim; File:.0
[CALL STACK][1]: Method:WXTextureTools.Application.AppCmdExec.WXSlimFirstBundleExec.todo; File:.0
[CALL STACK][2]: Method:WXTextureTools.Application.App.process; File:.0
</stackFrames>
</wxlog>
<wxlog>
  <threadId>#main</threadId>
  <timestamp>14:47:21:3512</timestamp>
  <msgtype>MsgMixture</msgtype>
  <content>string|string
FirstBundleText slim - 1,button on hover</content>
  <stackFrames>
[CALL STACK][0]: Method:WXTextureTools.Application.FirstBundle.FirstBundleHandler.slim; File:.0
[CALL STACK][1]: Method:WXTextureTools.Application.AppCmdExec.WXSlimFirstBundleExec.todo; File:.0
[CALL STACK][2]: Method:WXTextureTools.Application.App.process; File:.0
</stackFrames>
</wxlog>
<wxlog>
  <threadId>#main</threadId>
  <timestamp>14:47:21:3512</timestamp>
  <msgtype>MsgMixture</msgtype>
  <content>string|string|bool
FirstBundleText slim - pngName,button on.7ff0e5a1,false</content>
  <stackFrames>
[CALL STACK][0]: Method:WXTextureTools.Application.FirstBundle.FirstBundleHandler.slim; File:.0
[CALL STACK][1]: Method:WXTextureTools.Application.AppCmdExec.WXSlimFirstBundleExec.todo; File:.0
[CALL STACK][2]: Method:WXTextureTools.Application.App.process; File:.0
</stackFrames>
</wxlog>
<wxlog>
  <threadId>#main</threadId>
  <timestamp>14:47:21:3522</timestamp>
  <msgtype>MsgMixture</msgtype>
  <content>string|string
FirstBundleText slim - 1,button on</content>
  <stackFrames>
[CALL STACK][0]: Method:WXTextureTools.Application.FirstBundle.FirstBundleHandler.slim; File:.0
[CALL STACK][1]: Method:WXTextureTools.Application.AppCmdExec.WXSlimFirstBundleExec.todo; File:.0
[CALL STACK][2]: Method:WXTextureTools.Application.App.process; File:.0
</stackFrames>
</wxlog>
<wxlog>
  <threadId>#main</threadId>
  <timestamp>14:47:21:3522</timestamp>
  <msgtype>MsgMixture</msgtype>
  <content>string|string|bool
FirstBundleText slim - pngName,button.bdec6b82,false</content>
  <stackFrames>
[CALL STACK][0]: Method:WXTextureTools.Application.FirstBundle.FirstBundleHandler.slim; File:.0
[CALL STACK][1]: Method:WXTextureTools.Application.AppCmdExec.WXSlimFirstBundleExec.todo; File:.0
[CALL STACK][2]: Method:WXTextureTools.Application.App.process; File:.0
</stackFrames>
</wxlog>
<wxlog>
  <threadId>#main</threadId>
  <timestamp>14:47:21:3522</timestamp>
  <msgtype>MsgMixture</msgtype>
  <content>string|string
FirstBundleText slim - 1,button</content>
  <stackFrames>
[CALL STACK][0]: Method:WXTextureTools.Application.FirstBundle.FirstBundleHandler.slim; File:.0
[CALL STACK][1]: Method:WXTextureTools.Application.AppCmdExec.WXSlimFirstBundleExec.todo; File:.0
[CALL STACK][2]: Method:WXTextureTools.Application.App.process; File:.0
</stackFrames>
</wxlog>
<wxlog>
  <threadId>#main</threadId>
  <timestamp>14:47:21:3522</timestamp>
  <msgtype>MsgMixture</msgtype>
  <content>string|string|bool
FirstBundleText slim - pngName,horizontal scrollbar thumb.4137b46d,false</content>
  <stackFrames>
[CALL STACK][0]: Method:WXTextureTools.Application.FirstBundle.FirstBundleHandler.slim; File:.0
[CALL STACK][1]: Method:WXTextureTools.Application.AppCmdExec.WXSlimFirstBundleExec.todo; File:.0
[CALL STACK][2]: Method:WXTextureTools.Application.App.process; File:.0
</stackFrames>
</wxlog>
<wxlog>
  <threadId>#main</threadId>
  <timestamp>14:47:21:3522</timestamp>
  <msgtype>MsgMixture</msgtype>
  <content>string|string
FirstBundleText slim - 1,horizontal scrollbar thumb</content>
  <stackFrames>
[CALL STACK][0]: Method:WXTextureTools.Application.FirstBundle.FirstBundleHandler.slim; File:.0
[CALL STACK][1]: Method:WXTextureTools.Application.AppCmdExec.WXSlimFirstBundleExec.todo; File:.0
[CALL STACK][2]: Method:WXTextureTools.Application.App.process; File:.0
</stackFrames>
</wxlog>
<wxlog>
  <threadId>#main</threadId>
  <timestamp>14:47:21:3522</timestamp>
  <msgtype>MsgMixture</msgtype>
  <content>string|string|bool
FirstBundleText slim - pngName,horizontal scrollbar.0ac38291,false</content>
  <stackFrames>
[CALL STACK][0]: Method:WXTextureTools.Application.FirstBundle.FirstBundleHandler.slim; File:.0
[CALL STACK][1]: Method:WXTextureTools.Application.AppCmdExec.WXSlimFirstBundleExec.todo; File:.0
[CALL STACK][2]: Method:WXTextureTools.Application.App.process; File:.0
</stackFrames>
</wxlog>
<wxlog>
  <threadId>#main</threadId>
  <timestamp>14:47:21:3522</timestamp>
  <msgtype>MsgMixture</msgtype>
  <content>string|string
FirstBundleText slim - 1,horizontal scrollbar</content>
  <stackFrames>
[CALL STACK][0]: Method:WXTextureTools.Application.FirstBundle.FirstBundleHandler.slim; File:.0
[CALL STACK][1]: Method:WXTextureTools.Application.AppCmdExec.WXSlimFirstBundleExec.todo; File:.0
[CALL STACK][2]: Method:WXTextureTools.Application.App.process; File:.0
</stackFrames>
</wxlog>
<wxlog>
  <threadId>#main</threadId>
  <timestamp>14:47:21:3522</timestamp>
  <msgtype>MsgMixture</msgtype>
  <content>string|string|bool
FirstBundleText slim - pngName,horizontalslider.722f02b2,false</content>
  <stackFrames>
[CALL STACK][0]: Method:WXTextureTools.Application.FirstBundle.FirstBundleHandler.slim; File:.0
[CALL STACK][1]: Method:WXTextureTools.Application.AppCmdExec.WXSlimFirstBundleExec.todo; File:.0
[CALL STACK][2]: Method:WXTextureTools.Application.App.process; File:.0
</stackFrames>
</wxlog>
<wxlog>
  <threadId>#main</threadId>
  <timestamp>14:47:21:3522</timestamp>
  <msgtype>MsgMixture</msgtype>
  <content>string|string
FirstBundleText slim - 1,horizontalslider</content>
  <stackFrames>
[CALL STACK][0]: Method:WXTextureTools.Application.FirstBundle.FirstBundleHandler.slim; File:.0
[CALL STACK][1]: Method:WXTextureTools.Application.AppCmdExec.WXSlimFirstBundleExec.todo; File:.0
[CALL STACK][2]: Method:WXTextureTools.Application.App.process; File:.0
</stackFrames>
</wxlog>
<wxlog>
  <threadId>#main</threadId>
  <timestamp>14:47:21:3522</timestamp>
  <msgtype>MsgMixture</msgtype>
  <content>string|string|bool
FirstBundleText slim - pngName,slider thumb active.168a62a9,false</content>
  <stackFrames>
[CALL STACK][0]: Method:WXTextureTools.Application.FirstBundle.FirstBundleHandler.slim; File:.0
[CALL STACK][1]: Method:WXTextureTools.Application.AppCmdExec.WXSlimFirstBundleExec.todo; File:.0
[CALL STACK][2]: Method:WXTextureTools.Application.App.process; File:.0
</stackFrames>
</wxlog>
<wxlog>
  <threadId>#main</threadId>
  <timestamp>14:47:21:3522</timestamp>
  <msgtype>MsgMixture</msgtype>
  <content>string|string
FirstBundleText slim - 1,slider thumb active</content>
  <stackFrames>
[CALL STACK][0]: Method:WXTextureTools.Application.FirstBundle.FirstBundleHandler.slim; File:.0
[CALL STACK][1]: Method:WXTextureTools.Application.AppCmdExec.WXSlimFirstBundleExec.todo; File:.0
[CALL STACK][2]: Method:WXTextureTools.Application.App.process; File:.0
</stackFrames>
</wxlog>
<wxlog>
  <threadId>#main</threadId>
  <timestamp>14:47:21:3522</timestamp>
  <msgtype>MsgMixture</msgtype>
  <content>string|string|bool
FirstBundleText slim - pngName,slider thumb.a7acef71,false</content>
  <stackFrames>
[CALL STACK][0]: Method:WXTextureTools.Application.FirstBundle.FirstBundleHandler.slim; File:.0
[CALL STACK][1]: Method:WXTextureTools.Application.AppCmdExec.WXSlimFirstBundleExec.todo; File:.0
[CALL STACK][2]: Method:WXTextureTools.Application.App.process; File:.0
</stackFrames>
</wxlog>
<wxlog>
  <threadId>#main</threadId>
  <timestamp>14:47:21:3522</timestamp>
  <msgtype>MsgMixture</msgtype>
  <content>string|string
FirstBundleText slim - 1,slider thumb</content>
  <stackFrames>
[CALL STACK][0]: Method:WXTextureTools.Application.FirstBundle.FirstBundleHandler.slim; File:.0
[CALL STACK][1]: Method:WXTextureTools.Application.AppCmdExec.WXSlimFirstBundleExec.todo; File:.0
[CALL STACK][2]: Method:WXTextureTools.Application.App.process; File:.0
</stackFrames>
</wxlog>
<wxlog>
  <threadId>#main</threadId>
  <timestamp>14:47:21:3522</timestamp>
  <msgtype>MsgMixture</msgtype>
  <content>string|string|bool
FirstBundleText slim - pngName,slidert humb hover.0c248117,false</content>
  <stackFrames>
[CALL STACK][0]: Method:WXTextureTools.Application.FirstBundle.FirstBundleHandler.slim; File:.0
[CALL STACK][1]: Method:WXTextureTools.Application.AppCmdExec.WXSlimFirstBundleExec.todo; File:.0
[CALL STACK][2]: Method:WXTextureTools.Application.App.process; File:.0
</stackFrames>
</wxlog>
<wxlog>
  <threadId>#main</threadId>
  <timestamp>14:47:21:3522</timestamp>
  <msgtype>MsgMixture</msgtype>
  <content>string|string
FirstBundleText slim - 1,slidert humb hover</content>
  <stackFrames>
[CALL STACK][0]: Method:WXTextureTools.Application.FirstBundle.FirstBundleHandler.slim; File:.0
[CALL STACK][1]: Method:WXTextureTools.Application.AppCmdExec.WXSlimFirstBundleExec.todo; File:.0
[CALL STACK][2]: Method:WXTextureTools.Application.App.process; File:.0
</stackFrames>
</wxlog>
<wxlog>
  <threadId>#main</threadId>
  <timestamp>14:47:21:3522</timestamp>
  <msgtype>MsgMixture</msgtype>
  <content>string|string|bool
FirstBundleText slim - pngName,toggle active.e32a2ca9,false</content>
  <stackFrames>
[CALL STACK][0]: Method:WXTextureTools.Application.FirstBundle.FirstBundleHandler.slim; File:.0
[CALL STACK][1]: Method:WXTextureTools.Application.AppCmdExec.WXSlimFirstBundleExec.todo; File:.0
[CALL STACK][2]: Method:WXTextureTools.Application.App.process; File:.0
</stackFrames>
</wxlog>
<wxlog>
  <threadId>#main</threadId>
  <timestamp>14:47:21:3522</timestamp>
  <msgtype>MsgMixture</msgtype>
  <content>string|string
FirstBundleText slim - 1,toggle active</content>
  <stackFrames>
[CALL STACK][0]: Method:WXTextureTools.Application.FirstBundle.FirstBundleHandler.slim; File:.0
[CALL STACK][1]: Method:WXTextureTools.Application.AppCmdExec.WXSlimFirstBundleExec.todo; File:.0
[CALL STACK][2]: Method:WXTextureTools.Application.App.process; File:.0
</stackFrames>
</wxlog>
<wxlog>
  <threadId>#main</threadId>
  <timestamp>14:47:21:3522</timestamp>
  <msgtype>MsgMixture</msgtype>
  <content>string|string|bool
FirstBundleText slim - pngName,toggle hover.614620f6,false</content>
  <stackFrames>
[CALL STACK][0]: Method:WXTextureTools.Application.FirstBundle.FirstBundleHandler.slim; File:.0
[CALL STACK][1]: Method:WXTextureTools.Application.AppCmdExec.WXSlimFirstBundleExec.todo; File:.0
[CALL STACK][2]: Method:WXTextureTools.Application.App.process; File:.0
</stackFrames>
</wxlog>
<wxlog>
  <threadId>#main</threadId>
  <timestamp>14:47:21:3532</timestamp>
  <msgtype>MsgMixture</msgtype>
  <content>string|string
FirstBundleText slim - 1,toggle hover</content>
  <stackFrames>
[CALL STACK][0]: Method:WXTextureTools.Application.FirstBundle.FirstBundleHandler.slim; File:.0
[CALL STACK][1]: Method:WXTextureTools.Application.AppCmdExec.WXSlimFirstBundleExec.todo; File:.0
[CALL STACK][2]: Method:WXTextureTools.Application.App.process; File:.0
</stackFrames>
</wxlog>
<wxlog>
  <threadId>#main</threadId>
  <timestamp>14:47:21:3532</timestamp>
  <msgtype>MsgMixture</msgtype>
  <content>string|string|bool
FirstBundleText slim - pngName,toggle on hover.528d6b34,false</content>
  <stackFrames>
[CALL STACK][0]: Method:WXTextureTools.Application.FirstBundle.FirstBundleHandler.slim; File:.0
[CALL STACK][1]: Method:WXTextureTools.Application.AppCmdExec.WXSlimFirstBundleExec.todo; File:.0
[CALL STACK][2]: Method:WXTextureTools.Application.App.process; File:.0
</stackFrames>
</wxlog>
<wxlog>
  <threadId>#main</threadId>
  <timestamp>14:47:21:3532</timestamp>
  <msgtype>MsgMixture</msgtype>
  <content>string|string
FirstBundleText slim - 1,toggle on hover</content>
  <stackFrames>
[CALL STACK][0]: Method:WXTextureTools.Application.FirstBundle.FirstBundleHandler.slim; File:.0
[CALL STACK][1]: Method:WXTextureTools.Application.AppCmdExec.WXSlimFirstBundleExec.todo; File:.0
[CALL STACK][2]: Method:WXTextureTools.Application.App.process; File:.0
</stackFrames>
</wxlog>
<wxlog>
  <threadId>#main</threadId>
  <timestamp>14:47:21:3532</timestamp>
  <msgtype>MsgMixture</msgtype>
  <content>string|string|bool
FirstBundleText slim - pngName,toggle on.1f99750a,false</content>
  <stackFrames>
[CALL STACK][0]: Method:WXTextureTools.Application.FirstBundle.FirstBundleHandler.slim; File:.0
[CALL STACK][1]: Method:WXTextureTools.Application.AppCmdExec.WXSlimFirstBundleExec.todo; File:.0
[CALL STACK][2]: Method:WXTextureTools.Application.App.process; File:.0
</stackFrames>
</wxlog>
<wxlog>
  <threadId>#main</threadId>
  <timestamp>14:47:21:3532</timestamp>
  <msgtype>MsgMixture</msgtype>
  <content>string|string
FirstBundleText slim - 1,toggle on</content>
  <stackFrames>
[CALL STACK][0]: Method:WXTextureTools.Application.FirstBundle.FirstBundleHandler.slim; File:.0
[CALL STACK][1]: Method:WXTextureTools.Application.AppCmdExec.WXSlimFirstBundleExec.todo; File:.0
[CALL STACK][2]: Method:WXTextureTools.Application.App.process; File:.0
</stackFrames>
</wxlog>
<wxlog>
  <threadId>#main</threadId>
  <timestamp>14:47:21:3532</timestamp>
  <msgtype>MsgMixture</msgtype>
  <content>string|string|bool
FirstBundleText slim - pngName,toggle on active.9d52caeb,false</content>
  <stackFrames>
[CALL STACK][0]: Method:WXTextureTools.Application.FirstBundle.FirstBundleHandler.slim; File:.0
[CALL STACK][1]: Method:WXTextureTools.Application.AppCmdExec.WXSlimFirstBundleExec.todo; File:.0
[CALL STACK][2]: Method:WXTextureTools.Application.App.process; File:.0
</stackFrames>
</wxlog>
<wxlog>
  <threadId>#main</threadId>
  <timestamp>14:47:21:3532</timestamp>
  <msgtype>MsgMixture</msgtype>
  <content>string|string
FirstBundleText slim - 1,toggle on active</content>
  <stackFrames>
[CALL STACK][0]: Method:WXTextureTools.Application.FirstBundle.FirstBundleHandler.slim; File:.0
[CALL STACK][1]: Method:WXTextureTools.Application.AppCmdExec.WXSlimFirstBundleExec.todo; File:.0
[CALL STACK][2]: Method:WXTextureTools.Application.App.process; File:.0
</stackFrames>
</wxlog>
<wxlog>
  <threadId>#main</threadId>
  <timestamp>14:47:21:3532</timestamp>
  <msgtype>MsgMixture</msgtype>
  <content>string|string|bool
FirstBundleText slim - pngName,toggle.6eafbcb0,false</content>
  <stackFrames>
[CALL STACK][0]: Method:WXTextureTools.Application.FirstBundle.FirstBundleHandler.slim; File:.0
[CALL STACK][1]: Method:WXTextureTools.Application.AppCmdExec.WXSlimFirstBundleExec.todo; File:.0
[CALL STACK][2]: Method:WXTextureTools.Application.App.process; File:.0
</stackFrames>
</wxlog>
<wxlog>
  <threadId>#main</threadId>
  <timestamp>14:47:21:3532</timestamp>
  <msgtype>MsgMixture</msgtype>
  <content>string|string
FirstBundleText slim - 1,toggle</content>
  <stackFrames>
[CALL STACK][0]: Method:WXTextureTools.Application.FirstBundle.FirstBundleHandler.slim; File:.0
[CALL STACK][1]: Method:WXTextureTools.Application.AppCmdExec.WXSlimFirstBundleExec.todo; File:.0
[CALL STACK][2]: Method:WXTextureTools.Application.App.process; File:.0
</stackFrames>
</wxlog>
<wxlog>
  <threadId>#main</threadId>
  <timestamp>14:47:21:3532</timestamp>
  <msgtype>MsgMixture</msgtype>
  <content>string|string|bool
FirstBundleText slim - pngName,vertical scrollbar thumb.7ba97313,false</content>
  <stackFrames>
[CALL STACK][0]: Method:WXTextureTools.Application.FirstBundle.FirstBundleHandler.slim; File:.0
[CALL STACK][1]: Method:WXTextureTools.Application.AppCmdExec.WXSlimFirstBundleExec.todo; File:.0
[CALL STACK][2]: Method:WXTextureTools.Application.App.process; File:.0
</stackFrames>
</wxlog>
<wxlog>
  <threadId>#main</threadId>
  <timestamp>14:47:21:3532</timestamp>
  <msgtype>MsgMixture</msgtype>
  <content>string|string
FirstBundleText slim - 1,vertical scrollbar thumb</content>
  <stackFrames>
[CALL STACK][0]: Method:WXTextureTools.Application.FirstBundle.FirstBundleHandler.slim; File:.0
[CALL STACK][1]: Method:WXTextureTools.Application.AppCmdExec.WXSlimFirstBundleExec.todo; File:.0
[CALL STACK][2]: Method:WXTextureTools.Application.App.process; File:.0
</stackFrames>
</wxlog>
<wxlog>
  <threadId>#main</threadId>
  <timestamp>14:47:21:3532</timestamp>
  <msgtype>MsgMixture</msgtype>
  <content>string|string|bool
FirstBundleText slim - pngName,vertical scrollbar.d38290f1,false</content>
  <stackFrames>
[CALL STACK][0]: Method:WXTextureTools.Application.FirstBundle.FirstBundleHandler.slim; File:.0
[CALL STACK][1]: Method:WXTextureTools.Application.AppCmdExec.WXSlimFirstBundleExec.todo; File:.0
[CALL STACK][2]: Method:WXTextureTools.Application.App.process; File:.0
</stackFrames>
</wxlog>
<wxlog>
  <threadId>#main</threadId>
  <timestamp>14:47:21:3532</timestamp>
  <msgtype>MsgMixture</msgtype>
  <content>string|string
FirstBundleText slim - 1,vertical scrollbar</content>
  <stackFrames>
[CALL STACK][0]: Method:WXTextureTools.Application.FirstBundle.FirstBundleHandler.slim; File:.0
[CALL STACK][1]: Method:WXTextureTools.Application.AppCmdExec.WXSlimFirstBundleExec.todo; File:.0
[CALL STACK][2]: Method:WXTextureTools.Application.App.process; File:.0
</stackFrames>
</wxlog>
<wxlog>
  <threadId>#main</threadId>
  <timestamp>14:47:21:3532</timestamp>
  <msgtype>MsgMixture</msgtype>
  <content>string|string|bool
FirstBundleText slim - pngName,verticalslider.58266f5f,false</content>
  <stackFrames>
[CALL STACK][0]: Method:WXTextureTools.Application.FirstBundle.FirstBundleHandler.slim; File:.0
[CALL STACK][1]: Method:WXTextureTools.Application.AppCmdExec.WXSlimFirstBundleExec.todo; File:.0
[CALL STACK][2]: Method:WXTextureTools.Application.App.process; File:.0
</stackFrames>
</wxlog>
<wxlog>
  <threadId>#main</threadId>
  <timestamp>14:47:21:3532</timestamp>
  <msgtype>MsgMixture</msgtype>
  <content>string|string
FirstBundleText slim - 1,verticalslider</content>
  <stackFrames>
[CALL STACK][0]: Method:WXTextureTools.Application.FirstBundle.FirstBundleHandler.slim; File:.0
[CALL STACK][1]: Method:WXTextureTools.Application.AppCmdExec.WXSlimFirstBundleExec.todo; File:.0
[CALL STACK][2]: Method:WXTextureTools.Application.App.process; File:.0
</stackFrames>
</wxlog>
<wxlog>
  <threadId>#main</threadId>
  <timestamp>14:47:21:3612</timestamp>
  <msgtype>MsgMixture</msgtype>
  <content>string|string|bool
FirstBundleText slim - pngName,window on.38a76040,false</content>
  <stackFrames>
[CALL STACK][0]: Method:WXTextureTools.Application.FirstBundle.FirstBundleHandler.slim; File:.0
[CALL STACK][1]: Method:WXTextureTools.Application.AppCmdExec.WXSlimFirstBundleExec.todo; File:.0
[CALL STACK][2]: Method:WXTextureTools.Application.App.process; File:.0
</stackFrames>
</wxlog>
<wxlog>
  <threadId>#main</threadId>
  <timestamp>14:47:21:3612</timestamp>
  <msgtype>MsgMixture</msgtype>
  <content>string|string
FirstBundleText slim - 1,window on</content>
  <stackFrames>
[CALL STACK][0]: Method:WXTextureTools.Application.FirstBundle.FirstBundleHandler.slim; File:.0
[CALL STACK][1]: Method:WXTextureTools.Application.AppCmdExec.WXSlimFirstBundleExec.todo; File:.0
[CALL STACK][2]: Method:WXTextureTools.Application.App.process; File:.0
</stackFrames>
</wxlog>
<wxlog>
  <threadId>#main</threadId>
  <timestamp>14:47:21:3612</timestamp>
  <msgtype>MsgMixture</msgtype>
  <content>string|string|bool
FirstBundleText slim - pngName,window.a62d1258,false</content>
  <stackFrames>
[CALL STACK][0]: Method:WXTextureTools.Application.FirstBundle.FirstBundleHandler.slim; File:.0
[CALL STACK][1]: Method:WXTextureTools.Application.AppCmdExec.WXSlimFirstBundleExec.todo; File:.0
[CALL STACK][2]: Method:WXTextureTools.Application.App.process; File:.0
</stackFrames>
</wxlog>
<wxlog>
  <threadId>#main</threadId>
  <timestamp>14:47:21:3622</timestamp>
  <msgtype>MsgMixture</msgtype>
  <content>string|string
FirstBundleText slim - 1,window</content>
  <stackFrames>
[CALL STACK][0]: Method:WXTextureTools.Application.FirstBundle.FirstBundleHandler.slim; File:.0
[CALL STACK][1]: Method:WXTextureTools.Application.AppCmdExec.WXSlimFirstBundleExec.todo; File:.0
[CALL STACK][2]: Method:WXTextureTools.Application.App.process; File:.0
</stackFrames>
</wxlog>
<wxlog>
  <threadId>#main</threadId>
  <timestamp>14:47:21:3622</timestamp>
  <msgtype>MsgMixture</msgtype>
  <content>string|string|bool
FirstBundleText slim - pngName,textfield.a75d69ec,false</content>
  <stackFrames>
[CALL STACK][0]: Method:WXTextureTools.Application.FirstBundle.FirstBundleHandler.slim; File:.0
[CALL STACK][1]: Method:WXTextureTools.Application.AppCmdExec.WXSlimFirstBundleExec.todo; File:.0
[CALL STACK][2]: Method:WXTextureTools.Application.App.process; File:.0
</stackFrames>
</wxlog>
<wxlog>
  <threadId>#main</threadId>
  <timestamp>14:47:21:3622</timestamp>
  <msgtype>MsgMixture</msgtype>
  <content>string|string
FirstBundleText slim - 1,textfield</content>
  <stackFrames>
[CALL STACK][0]: Method:WXTextureTools.Application.FirstBundle.FirstBundleHandler.slim; File:.0
[CALL STACK][1]: Method:WXTextureTools.Application.AppCmdExec.WXSlimFirstBundleExec.todo; File:.0
[CALL STACK][2]: Method:WXTextureTools.Application.App.process; File:.0
</stackFrames>
</wxlog>
<wxlog>
  <threadId>#main</threadId>
  <timestamp>14:47:21:3632</timestamp>
  <msgtype>MsgMixture</msgtype>
  <content>string|string|bool
FirstBundleText slim - pngName,textfield on.f2c2fb5c,false</content>
  <stackFrames>
[CALL STACK][0]: Method:WXTextureTools.Application.FirstBundle.FirstBundleHandler.slim; File:.0
[CALL STACK][1]: Method:WXTextureTools.Application.AppCmdExec.WXSlimFirstBundleExec.todo; File:.0
[CALL STACK][2]: Method:WXTextureTools.Application.App.process; File:.0
</stackFrames>
</wxlog>
<wxlog>
  <threadId>#main</threadId>
  <timestamp>14:47:21:3632</timestamp>
  <msgtype>MsgMixture</msgtype>
  <content>string|string
FirstBundleText slim - 1,textfield on</content>
  <stackFrames>
[CALL STACK][0]: Method:WXTextureTools.Application.FirstBundle.FirstBundleHandler.slim; File:.0
[CALL STACK][1]: Method:WXTextureTools.Application.AppCmdExec.WXSlimFirstBundleExec.todo; File:.0
[CALL STACK][2]: Method:WXTextureTools.Application.App.process; File:.0
</stackFrames>
</wxlog>
<wxlog>
  <threadId>#main</threadId>
  <timestamp>14:47:21:3632</timestamp>
  <msgtype>MsgMixture</msgtype>
  <content>string|string|bool
FirstBundleText slim - pngName,textfield hover.8c7ae9d8,false</content>
  <stackFrames>
[CALL STACK][0]: Method:WXTextureTools.Application.FirstBundle.FirstBundleHandler.slim; File:.0
[CALL STACK][1]: Method:WXTextureTools.Application.AppCmdExec.WXSlimFirstBundleExec.todo; File:.0
[CALL STACK][2]: Method:WXTextureTools.Application.App.process; File:.0
</stackFrames>
</wxlog>
<wxlog>
  <threadId>#main</threadId>
  <timestamp>14:47:21:3642</timestamp>
  <msgtype>MsgMixture</msgtype>
  <content>string|string
FirstBundleText slim - 1,textfield hover</content>
  <stackFrames>
[CALL STACK][0]: Method:WXTextureTools.Application.FirstBundle.FirstBundleHandler.slim; File:.0
[CALL STACK][1]: Method:WXTextureTools.Application.AppCmdExec.WXSlimFirstBundleExec.todo; File:.0
[CALL STACK][2]: Method:WXTextureTools.Application.App.process; File:.0
</stackFrames>
</wxlog>
<wxlog>
  <threadId>#main</threadId>
  <timestamp>14:47:21:3651</timestamp>
  <msgtype>MsgMixture</msgtype>
  <content>string|string|bool
FirstBundleText slim - pngName,UnitySplash-HolographicTrackingLoss.cbf38e69,false</content>
  <stackFrames>
[CALL STACK][0]: Method:WXTextureTools.Application.FirstBundle.FirstBundleHandler.slim; File:.0
[CALL STACK][1]: Method:WXTextureTools.Application.AppCmdExec.WXSlimFirstBundleExec.todo; File:.0
[CALL STACK][2]: Method:WXTextureTools.Application.App.process; File:.0
</stackFrames>
</wxlog>
<wxlog>
  <threadId>#main</threadId>
  <timestamp>14:47:21:3651</timestamp>
  <msgtype>MsgMixture</msgtype>
  <content>string|string
FirstBundleText slim - 1,UnitySplash-HolographicTrackingLoss</content>
  <stackFrames>
[CALL STACK][0]: Method:WXTextureTools.Application.FirstBundle.FirstBundleHandler.slim; File:.0
[CALL STACK][1]: Method:WXTextureTools.Application.AppCmdExec.WXSlimFirstBundleExec.todo; File:.0
[CALL STACK][2]: Method:WXTextureTools.Application.App.process; File:.0
</stackFrames>
</wxlog>
<wxlog>
  <threadId>#main</threadId>
  <timestamp>14:47:21:4595</timestamp>
  <msgtype>MsgMixture</msgtype>
  <content>string|string|bool
AssetBundleText slim - pngName,Splash Screen Unity Logo.05ef6840,false</content>
  <stackFrames>
[CALL STACK][0]: Method:WXTextureTools.Application.FirstBundle.FirstBundleHandler.slim; File:.0
[CALL STACK][1]: Method:WXTextureTools.Application.AppCmdExec.WXSlimFirstBundleExec.todo; File:.0
[CALL STACK][2]: Method:WXTextureTools.Application.App.process; File:.0
</stackFrames>
</wxlog>
<wxlog>
  <threadId>#main</threadId>
  <timestamp>14:47:21:4645</timestamp>
  <msgtype>MsgMixture</msgtype>
  <content>string|string
AssetBundleText slim - 1,Splash Screen Unity Logo</content>
  <stackFrames>
[CALL STACK][0]: Method:WXTextureTools.Application.FirstBundle.FirstBundleHandler.slim; File:.0
[CALL STACK][1]: Method:WXTextureTools.Application.AppCmdExec.WXSlimFirstBundleExec.todo; File:.0
[CALL STACK][2]: Method:WXTextureTools.Application.App.process; File:.0
</stackFrames>
</wxlog>
<wxlog>
  <threadId>#main</threadId>
  <timestamp>14:47:21:4655</timestamp>
  <msgtype>MsgMixture</msgtype>
  <content>string|string|bool
AssetBundleText slim - pngName,Background.665e03a7,false</content>
  <stackFrames>
[CALL STACK][0]: Method:WXTextureTools.Application.FirstBundle.FirstBundleHandler.slim; File:.0
[CALL STACK][1]: Method:WXTextureTools.Application.AppCmdExec.WXSlimFirstBundleExec.todo; File:.0
[CALL STACK][2]: Method:WXTextureTools.Application.App.process; File:.0
</stackFrames>
</wxlog>
<wxlog>
  <threadId>#main</threadId>
  <timestamp>14:47:21:4665</timestamp>
  <msgtype>MsgMixture</msgtype>
  <content>string|string|bool
AssetBundleText slim - pngName,UI-开始游戏按钮.1a7fa02b,false</content>
  <stackFrames>
[CALL STACK][0]: Method:WXTextureTools.Application.FirstBundle.FirstBundleHandler.slim; File:.0
[CALL STACK][1]: Method:WXTextureTools.Application.AppCmdExec.WXSlimFirstBundleExec.todo; File:.0
[CALL STACK][2]: Method:WXTextureTools.Application.App.process; File:.0
</stackFrames>
</wxlog>
<wxlog>
  <threadId>#main</threadId>
  <timestamp>14:47:21:4665</timestamp>
  <msgtype>MsgMixture</msgtype>
  <content>string|string|bool
AssetBundleText slim - pngName,Font Texture.8f00b204,false</content>
  <stackFrames>
[CALL STACK][0]: Method:WXTextureTools.Application.FirstBundle.FirstBundleHandler.slim; File:.0
[CALL STACK][1]: Method:WXTextureTools.Application.AppCmdExec.WXSlimFirstBundleExec.todo; File:.0
[CALL STACK][2]: Method:WXTextureTools.Application.App.process; File:.0
</stackFrames>
</wxlog>
<wxlog>
  <threadId>#main</threadId>
  <timestamp>14:47:21:4894</timestamp>
  <msgtype>MsgMixture</msgtype>
  <content>string|string|bool
AssetBundleText slim - pngName,LiberationSans SDF Atlas.ac9f1c83,false</content>
  <stackFrames>
[CALL STACK][0]: Method:WXTextureTools.Application.FirstBundle.FirstBundleHandler.slim; File:.0
[CALL STACK][1]: Method:WXTextureTools.Application.AppCmdExec.WXSlimFirstBundleExec.todo; File:.0
[CALL STACK][2]: Method:WXTextureTools.Application.App.process; File:.0
</stackFrames>
</wxlog>
<wxlog>
  <threadId>#main</threadId>
  <timestamp>14:47:21:4914</timestamp>
  <msgtype>MsgMixture</msgtype>
  <content>string|string|bool
AssetBundleText slim - pngName,UISprite.b48f75d0,false</content>
  <stackFrames>
[CALL STACK][0]: Method:WXTextureTools.Application.FirstBundle.FirstBundleHandler.slim; File:.0
[CALL STACK][1]: Method:WXTextureTools.Application.AppCmdExec.WXSlimFirstBundleExec.todo; File:.0
[CALL STACK][2]: Method:WXTextureTools.Application.App.process; File:.0
</stackFrames>
</wxlog>
<wxlog>
  <threadId>#main</threadId>
  <timestamp>14:47:21:4914</timestamp>
  <msgtype>MsgMixture</msgtype>
  <content>string|string|bool
AssetBundleText slim - pngName,Knob.dadd3d45,false</content>
  <stackFrames>
[CALL STACK][0]: Method:WXTextureTools.Application.FirstBundle.FirstBundleHandler.slim; File:.0
[CALL STACK][1]: Method:WXTextureTools.Application.AppCmdExec.WXSlimFirstBundleExec.todo; File:.0
[CALL STACK][2]: Method:WXTextureTools.Application.App.process; File:.0
</stackFrames>
</wxlog>
<wxlog>
  <threadId>#main</threadId>
  <timestamp>14:47:21:4934</timestamp>
  <msgtype>MsgMixture</msgtype>
  <content>string|string|bool
AssetBundleText slim - pngName,建筑血条.8a478356,false</content>
  <stackFrames>
[CALL STACK][0]: Method:WXTextureTools.Application.FirstBundle.FirstBundleHandler.slim; File:.0
[CALL STACK][1]: Method:WXTextureTools.Application.AppCmdExec.WXSlimFirstBundleExec.todo; File:.0
[CALL STACK][2]: Method:WXTextureTools.Application.App.process; File:.0
</stackFrames>
</wxlog>
<wxlog>
  <threadId>#main</threadId>
  <timestamp>14:47:21:4954</timestamp>
  <msgtype>MsgMixture</msgtype>
  <content>string|string|bool
AssetBundleText slim - pngName,UI-倒计时.54c57a5c,false</content>
  <stackFrames>
[CALL STACK][0]: Method:WXTextureTools.Application.FirstBundle.FirstBundleHandler.slim; File:.0
[CALL STACK][1]: Method:WXTextureTools.Application.AppCmdExec.WXSlimFirstBundleExec.todo; File:.0
[CALL STACK][2]: Method:WXTextureTools.Application.App.process; File:.0
</stackFrames>
</wxlog>
<wxlog>
  <threadId>#main</threadId>
  <timestamp>14:47:21:4983</timestamp>
  <msgtype>MsgMixture</msgtype>
  <content>string|string|bool
AssetBundleText slim - pngName,flatLand.abc4afb5,false</content>
  <stackFrames>
[CALL STACK][0]: Method:WXTextureTools.Application.FirstBundle.FirstBundleHandler.slim; File:.0
[CALL STACK][1]: Method:WXTextureTools.Application.AppCmdExec.WXSlimFirstBundleExec.todo; File:.0
[CALL STACK][2]: Method:WXTextureTools.Application.App.process; File:.0
</stackFrames>
</wxlog>
<wxlog>
  <threadId>#main</threadId>
  <timestamp>14:47:21:5013</timestamp>
  <msgtype>MsgMixture</msgtype>
  <content>string|string|bool
AssetBundleText slim - pngName,三选一-紫.e5ea1a33,false</content>
  <stackFrames>
[CALL STACK][0]: Method:WXTextureTools.Application.FirstBundle.FirstBundleHandler.slim; File:.0
[CALL STACK][1]: Method:WXTextureTools.Application.AppCmdExec.WXSlimFirstBundleExec.todo; File:.0
[CALL STACK][2]: Method:WXTextureTools.Application.App.process; File:.0
</stackFrames>
</wxlog>
<wxlog>
  <threadId>#main</threadId>
  <timestamp>14:47:21:5013</timestamp>
  <msgtype>MsgMixture</msgtype>
  <content>string|string|bool
AssetBundleText slim - pngName,cfxr magic star.d1bc1e4e,false</content>
  <stackFrames>
[CALL STACK][0]: Method:WXTextureTools.Application.FirstBundle.FirstBundleHandler.slim; File:.0
[CALL STACK][1]: Method:WXTextureTools.Application.AppCmdExec.WXSlimFirstBundleExec.todo; File:.0
[CALL STACK][2]: Method:WXTextureTools.Application.App.process; File:.0
</stackFrames>
</wxlog>
<wxlog>
  <threadId>#main</threadId>
  <timestamp>14:47:21:5063</timestamp>
  <msgtype>MsgMixture</msgtype>
  <content>string|string|bool
AssetBundleText slim - pngName,Movement_Indicator.d45cba08,false</content>
  <stackFrames>
[CALL STACK][0]: Method:WXTextureTools.Application.FirstBundle.FirstBundleHandler.slim; File:.0
[CALL STACK][1]: Method:WXTextureTools.Application.AppCmdExec.WXSlimFirstBundleExec.todo; File:.0
[CALL STACK][2]: Method:WXTextureTools.Application.App.process; File:.0
</stackFrames>
</wxlog>
<wxlog>
  <threadId>#main</threadId>
  <timestamp>14:47:21:5101</timestamp>
  <msgtype>MsgMixture</msgtype>
  <content>string|string|bool
AssetBundleText slim - pngName,EnemyUnit_Indicator.93e08f45,false</content>
  <stackFrames>
[CALL STACK][0]: Method:WXTextureTools.Application.FirstBundle.FirstBundleHandler.slim; File:.0
[CALL STACK][1]: Method:WXTextureTools.Application.AppCmdExec.WXSlimFirstBundleExec.todo; File:.0
[CALL STACK][2]: Method:WXTextureTools.Application.App.process; File:.0
</stackFrames>
</wxlog>
<wxlog>
  <threadId>#main</threadId>
  <timestamp>14:47:21:5121</timestamp>
  <msgtype>MsgMixture</msgtype>
  <content>string|string|bool
AssetBundleText slim - pngName,b1.31e66514,false</content>
  <stackFrames>
[CALL STACK][0]: Method:WXTextureTools.Application.FirstBundle.FirstBundleHandler.slim; File:.0
[CALL STACK][1]: Method:WXTextureTools.Application.AppCmdExec.WXSlimFirstBundleExec.todo; File:.0
[CALL STACK][2]: Method:WXTextureTools.Application.App.process; File:.0
</stackFrames>
</wxlog>
<wxlog>
  <threadId>#main</threadId>
  <timestamp>14:47:21:5151</timestamp>
  <msgtype>MsgMixture</msgtype>
  <content>string|string|bool
AssetBundleText slim - pngName,Circle01.8cfccdc9,false</content>
  <stackFrames>
[CALL STACK][0]: Method:WXTextureTools.Application.FirstBundle.FirstBundleHandler.slim; File:.0
[CALL STACK][1]: Method:WXTextureTools.Application.AppCmdExec.WXSlimFirstBundleExec.todo; File:.0
[CALL STACK][2]: Method:WXTextureTools.Application.App.process; File:.0
</stackFrames>
</wxlog>
<wxlog>
  <threadId>#main</threadId>
  <timestamp>14:47:21:5161</timestamp>
  <msgtype>MsgMixture</msgtype>
  <content>string|string|bool
AssetBundleText slim - pngName,0.9e9502b1,false</content>
  <stackFrames>
[CALL STACK][0]: Method:WXTextureTools.Application.FirstBundle.FirstBundleHandler.slim; File:.0
[CALL STACK][1]: Method:WXTextureTools.Application.AppCmdExec.WXSlimFirstBundleExec.todo; File:.0
[CALL STACK][2]: Method:WXTextureTools.Application.App.process; File:.0
</stackFrames>
</wxlog>
<wxlog>
  <threadId>#main</threadId>
  <timestamp>14:47:21:5210</timestamp>
  <msgtype>MsgMixture</msgtype>
  <content>string|string|bool
AssetBundleText slim - pngName,03.730b90b8,false</content>
  <stackFrames>
[CALL STACK][0]: Method:WXTextureTools.Application.FirstBundle.FirstBundleHandler.slim; File:.0
[CALL STACK][1]: Method:WXTextureTools.Application.AppCmdExec.WXSlimFirstBundleExec.todo; File:.0
[CALL STACK][2]: Method:WXTextureTools.Application.App.process; File:.0
</stackFrames>
</wxlog>
<wxlog>
  <threadId>#main</threadId>
  <timestamp>14:47:21:5240</timestamp>
  <msgtype>MsgMixture</msgtype>
  <content>string|string|bool
AssetBundleText slim - pngName,playerWall.f2d8db87,false</content>
  <stackFrames>
[CALL STACK][0]: Method:WXTextureTools.Application.FirstBundle.FirstBundleHandler.slim; File:.0
[CALL STACK][1]: Method:WXTextureTools.Application.AppCmdExec.WXSlimFirstBundleExec.todo; File:.0
[CALL STACK][2]: Method:WXTextureTools.Application.App.process; File:.0
</stackFrames>
</wxlog>
<wxlog>
  <threadId>#main</threadId>
  <timestamp>14:47:21:5285</timestamp>
  <msgtype>MsgMixture</msgtype>
  <content>string|string|bool
AssetBundleText slim - pngName,军事.730604c5,false</content>
  <stackFrames>
[CALL STACK][0]: Method:WXTextureTools.Application.FirstBundle.FirstBundleHandler.slim; File:.0
[CALL STACK][1]: Method:WXTextureTools.Application.AppCmdExec.WXSlimFirstBundleExec.todo; File:.0
[CALL STACK][2]: Method:WXTextureTools.Application.App.process; File:.0
</stackFrames>
</wxlog>
<wxlog>
  <threadId>#main</threadId>
  <timestamp>14:47:21:5315</timestamp>
  <msgtype>MsgMixture</msgtype>
  <content>string|string|bool
AssetBundleText slim - pngName,mask 1.34351201,false</content>
  <stackFrames>
[CALL STACK][0]: Method:WXTextureTools.Application.FirstBundle.FirstBundleHandler.slim; File:.0
[CALL STACK][1]: Method:WXTextureTools.Application.AppCmdExec.WXSlimFirstBundleExec.todo; File:.0
[CALL STACK][2]: Method:WXTextureTools.Application.App.process; File:.0
</stackFrames>
</wxlog>
<wxlog>
  <threadId>#main</threadId>
  <timestamp>14:47:21:5355</timestamp>
  <msgtype>MsgMixture</msgtype>
  <content>string|string|bool
AssetBundleText slim - pngName,02.73c02b8b,false</content>
  <stackFrames>
[CALL STACK][0]: Method:WXTextureTools.Application.FirstBundle.FirstBundleHandler.slim; File:.0
[CALL STACK][1]: Method:WXTextureTools.Application.AppCmdExec.WXSlimFirstBundleExec.todo; File:.0
[CALL STACK][2]: Method:WXTextureTools.Application.App.process; File:.0
</stackFrames>
</wxlog>
<wxlog>
  <threadId>#main</threadId>
  <timestamp>14:47:21:5365</timestamp>
  <msgtype>MsgMixture</msgtype>
  <content>string|string|bool
AssetBundleText slim - pngName,ImpactValo4.257ea87c,false</content>
  <stackFrames>
[CALL STACK][0]: Method:WXTextureTools.Application.FirstBundle.FirstBundleHandler.slim; File:.0
[CALL STACK][1]: Method:WXTextureTools.Application.AppCmdExec.WXSlimFirstBundleExec.todo; File:.0
[CALL STACK][2]: Method:WXTextureTools.Application.App.process; File:.0
</stackFrames>
</wxlog>
<wxlog>
  <threadId>#main</threadId>
  <timestamp>14:47:21:5375</timestamp>
  <msgtype>MsgMixture</msgtype>
  <content>string|string|bool
AssetBundleText slim - pngName,Circle06.505693c0,false</content>
  <stackFrames>
[CALL STACK][0]: Method:WXTextureTools.Application.FirstBundle.FirstBundleHandler.slim; File:.0
[CALL STACK][1]: Method:WXTextureTools.Application.AppCmdExec.WXSlimFirstBundleExec.todo; File:.0
[CALL STACK][2]: Method:WXTextureTools.Application.App.process; File:.0
</stackFrames>
</wxlog>
<wxlog>
  <threadId>#main</threadId>
  <timestamp>14:47:21:5375</timestamp>
  <msgtype>MsgMixture</msgtype>
  <content>string|string|bool
AssetBundleText slim - pngName,Font Texture.8f00b204,false</content>
  <stackFrames>
[CALL STACK][0]: Method:WXTextureTools.Application.FirstBundle.FirstBundleHandler.slim; File:.0
[CALL STACK][1]: Method:WXTextureTools.Application.AppCmdExec.WXSlimFirstBundleExec.todo; File:.0
[CALL STACK][2]: Method:WXTextureTools.Application.App.process; File:.0
</stackFrames>
</wxlog>
<wxlog>
  <threadId>#main</threadId>
  <timestamp>14:47:21:5375</timestamp>
  <msgtype>MsgMixture</msgtype>
  <content>string|string|bool
AssetBundleText slim - pngName,Gradient01.10c09bac,false</content>
  <stackFrames>
[CALL STACK][0]: Method:WXTextureTools.Application.FirstBundle.FirstBundleHandler.slim; File:.0
[CALL STACK][1]: Method:WXTextureTools.Application.AppCmdExec.WXSlimFirstBundleExec.todo; File:.0
[CALL STACK][2]: Method:WXTextureTools.Application.App.process; File:.0
</stackFrames>
</wxlog>
<wxlog>
  <threadId>#main</threadId>
  <timestamp>14:47:21:5395</timestamp>
  <msgtype>MsgMixture</msgtype>
  <content>string|string|bool
AssetBundleText slim - pngName,卡槽-去卡牌位置版.aa88d308,false</content>
  <stackFrames>
[CALL STACK][0]: Method:WXTextureTools.Application.FirstBundle.FirstBundleHandler.slim; File:.0
[CALL STACK][1]: Method:WXTextureTools.Application.AppCmdExec.WXSlimFirstBundleExec.todo; File:.0
[CALL STACK][2]: Method:WXTextureTools.Application.App.process; File:.0
</stackFrames>
</wxlog>
<wxlog>
  <threadId>#main</threadId>
  <timestamp>14:47:21:5405</timestamp>
  <msgtype>MsgMixture</msgtype>
  <content>string|string|bool
AssetBundleText slim - pngName,道具-金币.90215bdd,false</content>
  <stackFrames>
[CALL STACK][0]: Method:WXTextureTools.Application.FirstBundle.FirstBundleHandler.slim; File:.0
[CALL STACK][1]: Method:WXTextureTools.Application.AppCmdExec.WXSlimFirstBundleExec.todo; File:.0
[CALL STACK][2]: Method:WXTextureTools.Application.App.process; File:.0
</stackFrames>
</wxlog>
<wxlog>
  <threadId>#main</threadId>
  <timestamp>14:47:21:5415</timestamp>
  <msgtype>MsgMixture</msgtype>
  <content>string|string|bool
AssetBundleText slim - pngName,cfxr spikes impact dissolve.018f010c,false</content>
  <stackFrames>
[CALL STACK][0]: Method:WXTextureTools.Application.FirstBundle.FirstBundleHandler.slim; File:.0
[CALL STACK][1]: Method:WXTextureTools.Application.AppCmdExec.WXSlimFirstBundleExec.todo; File:.0
[CALL STACK][2]: Method:WXTextureTools.Application.App.process; File:.0
</stackFrames>
</wxlog>
<wxlog>
  <threadId>#main</threadId>
  <timestamp>14:47:21:5415</timestamp>
  <msgtype>MsgMixture</msgtype>
  <content>string|string|bool
AssetBundleText slim - pngName,Reap.128e3431,false</content>
  <stackFrames>
[CALL STACK][0]: Method:WXTextureTools.Application.FirstBundle.FirstBundleHandler.slim; File:.0
[CALL STACK][1]: Method:WXTextureTools.Application.AppCmdExec.WXSlimFirstBundleExec.todo; File:.0
[CALL STACK][2]: Method:WXTextureTools.Application.App.process; File:.0
</stackFrames>
</wxlog>
<wxlog>
  <threadId>#main</threadId>
  <timestamp>14:47:21:5465</timestamp>
  <msgtype>MsgMixture</msgtype>
  <content>string|string|bool
AssetBundleText slim - pngName,治疗术.bfada56e,false</content>
  <stackFrames>
[CALL STACK][0]: Method:WXTextureTools.Application.FirstBundle.FirstBundleHandler.slim; File:.0
[CALL STACK][1]: Method:WXTextureTools.Application.AppCmdExec.WXSlimFirstBundleExec.todo; File:.0
[CALL STACK][2]: Method:WXTextureTools.Application.App.process; File:.0
</stackFrames>
</wxlog>
<wxlog>
  <threadId>#main</threadId>
  <timestamp>14:47:21:5529</timestamp>
  <msgtype>MsgMixture</msgtype>
  <content>string|string|bool
AssetBundleText slim - pngName,UI-继续.b2d1cc2a,false</content>
  <stackFrames>
[CALL STACK][0]: Method:WXTextureTools.Application.FirstBundle.FirstBundleHandler.slim; File:.0
[CALL STACK][1]: Method:WXTextureTools.Application.AppCmdExec.WXSlimFirstBundleExec.todo; File:.0
[CALL STACK][2]: Method:WXTextureTools.Application.App.process; File:.0
</stackFrames>
</wxlog>
<wxlog>
  <threadId>#main</threadId>
  <timestamp>14:47:21:5538</timestamp>
  <msgtype>MsgMixture</msgtype>
  <content>string|string|bool
AssetBundleText slim - pngName,b2.91a76d08,false</content>
  <stackFrames>
[CALL STACK][0]: Method:WXTextureTools.Application.FirstBundle.FirstBundleHandler.slim; File:.0
[CALL STACK][1]: Method:WXTextureTools.Application.AppCmdExec.WXSlimFirstBundleExec.todo; File:.0
[CALL STACK][2]: Method:WXTextureTools.Application.App.process; File:.0
</stackFrames>
</wxlog>
<wxlog>
  <threadId>#main</threadId>
  <timestamp>14:47:21:5568</timestamp>
  <msgtype>MsgMixture</msgtype>
  <content>string|string|bool
AssetBundleText slim - pngName,WinBtn-01.b495832e,false</content>
  <stackFrames>
[CALL STACK][0]: Method:WXTextureTools.Application.FirstBundle.FirstBundleHandler.slim; File:.0
[CALL STACK][1]: Method:WXTextureTools.Application.AppCmdExec.WXSlimFirstBundleExec.todo; File:.0
[CALL STACK][2]: Method:WXTextureTools.Application.App.process; File:.0
</stackFrames>
</wxlog>
<wxlog>
  <threadId>#main</threadId>
  <timestamp>14:47:21:5618</timestamp>
  <msgtype>MsgMixture</msgtype>
  <content>string|string|bool
AssetBundleText slim - pngName,goldmine.34c0ec84,false</content>
  <stackFrames>
[CALL STACK][0]: Method:WXTextureTools.Application.FirstBundle.FirstBundleHandler.slim; File:.0
[CALL STACK][1]: Method:WXTextureTools.Application.AppCmdExec.WXSlimFirstBundleExec.todo; File:.0
[CALL STACK][2]: Method:WXTextureTools.Application.App.process; File:.0
</stackFrames>
</wxlog>
<wxlog>
  <threadId>#main</threadId>
  <timestamp>14:47:21:5658</timestamp>
  <msgtype>MsgMixture</msgtype>
  <content>string|string|bool
AssetBundleText slim - pngName,06.acd9f8a9,false</content>
  <stackFrames>
[CALL STACK][0]: Method:WXTextureTools.Application.FirstBundle.FirstBundleHandler.slim; File:.0
[CALL STACK][1]: Method:WXTextureTools.Application.AppCmdExec.WXSlimFirstBundleExec.todo; File:.0
[CALL STACK][2]: Method:WXTextureTools.Application.App.process; File:.0
</stackFrames>
</wxlog>
<wxlog>
  <threadId>#main</threadId>
  <timestamp>14:47:21:5685</timestamp>
  <msgtype>MsgMixture</msgtype>
  <content>string|string|bool
AssetBundleText slim - pngName,三选一-黄.27241a56,false</content>
  <stackFrames>
[CALL STACK][0]: Method:WXTextureTools.Application.FirstBundle.FirstBundleHandler.slim; File:.0
[CALL STACK][1]: Method:WXTextureTools.Application.AppCmdExec.WXSlimFirstBundleExec.todo; File:.0
[CALL STACK][2]: Method:WXTextureTools.Application.App.process; File:.0
</stackFrames>
</wxlog>
<wxlog>
  <threadId>#main</threadId>
  <timestamp>14:47:21:5734</timestamp>
  <msgtype>MsgMixture</msgtype>
  <content>string|string|bool
AssetBundleText slim - pngName,经济.c78858af,false</content>
  <stackFrames>
[CALL STACK][0]: Method:WXTextureTools.Application.FirstBundle.FirstBundleHandler.slim; File:.0
[CALL STACK][1]: Method:WXTextureTools.Application.AppCmdExec.WXSlimFirstBundleExec.todo; File:.0
[CALL STACK][2]: Method:WXTextureTools.Application.App.process; File:.0
</stackFrames>
</wxlog>
<wxlog>
  <threadId>#main</threadId>
  <timestamp>14:47:21:5744</timestamp>
  <msgtype>MsgMixture</msgtype>
  <content>string|string|bool
AssetBundleText slim - pngName,ImpactValo3.d770575e,false</content>
  <stackFrames>
[CALL STACK][0]: Method:WXTextureTools.Application.FirstBundle.FirstBundleHandler.slim; File:.0
[CALL STACK][1]: Method:WXTextureTools.Application.AppCmdExec.WXSlimFirstBundleExec.todo; File:.0
[CALL STACK][2]: Method:WXTextureTools.Application.App.process; File:.0
</stackFrames>
</wxlog>
<wxlog>
  <threadId>#main</threadId>
  <timestamp>14:47:21:5774</timestamp>
  <msgtype>MsgMixture</msgtype>
  <content>string|string|bool
AssetBundleText slim - pngName,WK_Standard_Units.a8914ae8,false</content>
  <stackFrames>
[CALL STACK][0]: Method:WXTextureTools.Application.FirstBundle.FirstBundleHandler.slim; File:.0
[CALL STACK][1]: Method:WXTextureTools.Application.AppCmdExec.WXSlimFirstBundleExec.todo; File:.0
[CALL STACK][2]: Method:WXTextureTools.Application.App.process; File:.0
</stackFrames>
</wxlog>
<wxlog>
  <threadId>#main</threadId>
  <timestamp>14:47:21:5824</timestamp>
  <msgtype>MsgMixture</msgtype>
  <content>string|string|bool
AssetBundleText slim - pngName,barracks.fbb1075f,false</content>
  <stackFrames>
[CALL STACK][0]: Method:WXTextureTools.Application.FirstBundle.FirstBundleHandler.slim; File:.0
[CALL STACK][1]: Method:WXTextureTools.Application.AppCmdExec.WXSlimFirstBundleExec.todo; File:.0
[CALL STACK][2]: Method:WXTextureTools.Application.App.process; File:.0
</stackFrames>
</wxlog>
<wxlog>
  <threadId>#main</threadId>
  <timestamp>14:47:21:5834</timestamp>
  <msgtype>MsgMixture</msgtype>
  <content>string|string|bool
AssetBundleText slim - pngName,AttackPointsIcon.f9749e60,false</content>
  <stackFrames>
[CALL STACK][0]: Method:WXTextureTools.Application.FirstBundle.FirstBundleHandler.slim; File:.0
[CALL STACK][1]: Method:WXTextureTools.Application.AppCmdExec.WXSlimFirstBundleExec.todo; File:.0
[CALL STACK][2]: Method:WXTextureTools.Application.App.process; File:.0
</stackFrames>
</wxlog>
<wxlog>
  <threadId>#main</threadId>
  <timestamp>14:47:21:5844</timestamp>
  <msgtype>MsgMixture</msgtype>
  <content>string|string|bool
AssetBundleText slim - pngName,射手血条.cec14d11,false</content>
  <stackFrames>
[CALL STACK][0]: Method:WXTextureTools.Application.FirstBundle.FirstBundleHandler.slim; File:.0
[CALL STACK][1]: Method:WXTextureTools.Application.AppCmdExec.WXSlimFirstBundleExec.todo; File:.0
[CALL STACK][2]: Method:WXTextureTools.Application.App.process; File:.0
</stackFrames>
</wxlog>
<wxlog>
  <threadId>#main</threadId>
  <timestamp>14:47:21:5854</timestamp>
  <msgtype>MsgMixture</msgtype>
  <content>string|string|bool
AssetBundleText slim - pngName,btn.a842614f,false</content>
  <stackFrames>
[CALL STACK][0]: Method:WXTextureTools.Application.FirstBundle.FirstBundleHandler.slim; File:.0
[CALL STACK][1]: Method:WXTextureTools.Application.AppCmdExec.WXSlimFirstBundleExec.todo; File:.0
[CALL STACK][2]: Method:WXTextureTools.Application.App.process; File:.0
</stackFrames>
</wxlog>
<wxlog>
  <threadId>#main</threadId>
  <timestamp>14:47:21:5895</timestamp>
  <msgtype>MsgMixture</msgtype>
  <content>string|string|bool
AssetBundleText slim - pngName,shield.8e6d9e3d,false</content>
  <stackFrames>
[CALL STACK][0]: Method:WXTextureTools.Application.FirstBundle.FirstBundleHandler.slim; File:.0
[CALL STACK][1]: Method:WXTextureTools.Application.AppCmdExec.WXSlimFirstBundleExec.todo; File:.0
[CALL STACK][2]: Method:WXTextureTools.Application.App.process; File:.0
</stackFrames>
</wxlog>
<wxlog>
  <threadId>#main</threadId>
  <timestamp>14:47:21:5915</timestamp>
  <msgtype>MsgMixture</msgtype>
  <content>string|string|bool
AssetBundleText slim - pngName,Star01.507d10c2,false</content>
  <stackFrames>
[CALL STACK][0]: Method:WXTextureTools.Application.FirstBundle.FirstBundleHandler.slim; File:.0
[CALL STACK][1]: Method:WXTextureTools.Application.AppCmdExec.WXSlimFirstBundleExec.todo; File:.0
[CALL STACK][2]: Method:WXTextureTools.Application.App.process; File:.0
</stackFrames>
</wxlog>
<wxlog>
  <threadId>#main</threadId>
  <timestamp>14:47:21:5915</timestamp>
  <msgtype>MsgMixture</msgtype>
  <content>string|string|bool
AssetBundleText slim - pngName,texture main.9d396660,false</content>
  <stackFrames>
[CALL STACK][0]: Method:WXTextureTools.Application.FirstBundle.FirstBundleHandler.slim; File:.0
[CALL STACK][1]: Method:WXTextureTools.Application.AppCmdExec.WXSlimFirstBundleExec.todo; File:.0
[CALL STACK][2]: Method:WXTextureTools.Application.App.process; File:.0
</stackFrames>
</wxlog>
<wxlog>
  <threadId>#main</threadId>
  <timestamp>14:47:21:5935</timestamp>
  <msgtype>MsgMixture</msgtype>
  <content>string|string|bool
AssetBundleText slim - pngName,Blast_spiky.bd5efae7,false</content>
  <stackFrames>
[CALL STACK][0]: Method:WXTextureTools.Application.FirstBundle.FirstBundleHandler.slim; File:.0
[CALL STACK][1]: Method:WXTextureTools.Application.AppCmdExec.WXSlimFirstBundleExec.todo; File:.0
[CALL STACK][2]: Method:WXTextureTools.Application.App.process; File:.0
</stackFrames>
</wxlog>
<wxlog>
  <threadId>#main</threadId>
  <timestamp>14:47:21:6065</timestamp>
  <msgtype>MsgMixture</msgtype>
  <content>string|string|bool
AssetBundleText slim - pngName,highLand.f329d4ef,false</content>
  <stackFrames>
[CALL STACK][0]: Method:WXTextureTools.Application.FirstBundle.FirstBundleHandler.slim; File:.0
[CALL STACK][1]: Method:WXTextureTools.Application.AppCmdExec.WXSlimFirstBundleExec.todo; File:.0
[CALL STACK][2]: Method:WXTextureTools.Application.App.process; File:.0
</stackFrames>
</wxlog>
<wxlog>
  <threadId>#main</threadId>
  <timestamp>14:47:21:6085</timestamp>
  <msgtype>MsgMixture</msgtype>
  <content>string|string|bool
AssetBundleText slim - pngName,cfxr smoke cloud x4.026cc8df,false</content>
  <stackFrames>
[CALL STACK][0]: Method:WXTextureTools.Application.FirstBundle.FirstBundleHandler.slim; File:.0
[CALL STACK][1]: Method:WXTextureTools.Application.AppCmdExec.WXSlimFirstBundleExec.todo; File:.0
[CALL STACK][2]: Method:WXTextureTools.Application.App.process; File:.0
</stackFrames>
</wxlog>
<wxlog>
  <threadId>#main</threadId>
  <timestamp>14:47:21:6085</timestamp>
  <msgtype>MsgMixture</msgtype>
  <content>string|string|bool
AssetBundleText slim - pngName,start.ef5432c5,false</content>
  <stackFrames>
[CALL STACK][0]: Method:WXTextureTools.Application.FirstBundle.FirstBundleHandler.slim; File:.0
[CALL STACK][1]: Method:WXTextureTools.Application.AppCmdExec.WXSlimFirstBundleExec.todo; File:.0
[CALL STACK][2]: Method:WXTextureTools.Application.App.process; File:.0
</stackFrames>
</wxlog>
<wxlog>
  <threadId>#main</threadId>
  <timestamp>14:47:21:6085</timestamp>
  <msgtype>MsgMixture</msgtype>
  <content>string|string|bool
AssetBundleText slim - pngName,p2.b56970ec,false</content>
  <stackFrames>
[CALL STACK][0]: Method:WXTextureTools.Application.FirstBundle.FirstBundleHandler.slim; File:.0
[CALL STACK][1]: Method:WXTextureTools.Application.AppCmdExec.WXSlimFirstBundleExec.todo; File:.0
[CALL STACK][2]: Method:WXTextureTools.Application.App.process; File:.0
</stackFrames>
</wxlog>
<wxlog>
  <threadId>#main</threadId>
  <timestamp>14:47:21:6137</timestamp>
  <msgtype>MsgMixture</msgtype>
  <content>string|string|bool
AssetBundleText slim - pngName,card.7fdc0b7f,false</content>
  <stackFrames>
[CALL STACK][0]: Method:WXTextureTools.Application.FirstBundle.FirstBundleHandler.slim; File:.0
[CALL STACK][1]: Method:WXTextureTools.Application.AppCmdExec.WXSlimFirstBundleExec.todo; File:.0
[CALL STACK][2]: Method:WXTextureTools.Application.App.process; File:.0
</stackFrames>
</wxlog>
<wxlog>
  <threadId>#main</threadId>
  <timestamp>14:47:21:6631</timestamp>
  <msgtype>MsgMixture</msgtype>
  <content>string|string|bool
AssetBundleText slim - pngName,Texture_Billboard_1.81291d41,false</content>
  <stackFrames>
[CALL STACK][0]: Method:WXTextureTools.Application.FirstBundle.FirstBundleHandler.slim; File:.0
[CALL STACK][1]: Method:WXTextureTools.Application.AppCmdExec.WXSlimFirstBundleExec.todo; File:.0
[CALL STACK][2]: Method:WXTextureTools.Application.App.process; File:.0
</stackFrames>
</wxlog>
<wxlog>
  <threadId>#main</threadId>
  <timestamp>14:47:21:6681</timestamp>
  <msgtype>MsgMixture</msgtype>
  <content>string|string|bool
AssetBundleText slim - pngName,04.46c9ac07,false</content>
  <stackFrames>
[CALL STACK][0]: Method:WXTextureTools.Application.FirstBundle.FirstBundleHandler.slim; File:.0
[CALL STACK][1]: Method:WXTextureTools.Application.AppCmdExec.WXSlimFirstBundleExec.todo; File:.0
[CALL STACK][2]: Method:WXTextureTools.Application.App.process; File:.0
</stackFrames>
</wxlog>
<wxlog>
  <threadId>#main</threadId>
  <timestamp>14:47:21:6831</timestamp>
  <msgtype>MsgMixture</msgtype>
  <content>string|string|bool
AssetBundleText slim - pngName,建筑.402d7c88,false</content>
  <stackFrames>
[CALL STACK][0]: Method:WXTextureTools.Application.FirstBundle.FirstBundleHandler.slim; File:.0
[CALL STACK][1]: Method:WXTextureTools.Application.AppCmdExec.WXSlimFirstBundleExec.todo; File:.0
[CALL STACK][2]: Method:WXTextureTools.Application.App.process; File:.0
</stackFrames>
</wxlog>
<wxlog>
  <threadId>#main</threadId>
  <timestamp>14:47:21:6870</timestamp>
  <msgtype>MsgMixture</msgtype>
  <content>string|string|bool
AssetBundleText slim - pngName,ai-wall.6f287e09,false</content>
  <stackFrames>
[CALL STACK][0]: Method:WXTextureTools.Application.FirstBundle.FirstBundleHandler.slim; File:.0
[CALL STACK][1]: Method:WXTextureTools.Application.AppCmdExec.WXSlimFirstBundleExec.todo; File:.0
[CALL STACK][2]: Method:WXTextureTools.Application.App.process; File:.0
</stackFrames>
</wxlog>
<wxlog>
  <threadId>#main</threadId>
  <timestamp>14:47:21:6870</timestamp>
  <msgtype>MsgMixture</msgtype>
  <content>string|string|bool
AssetBundleText slim - pngName,Plus01.9528c141,false</content>
  <stackFrames>
[CALL STACK][0]: Method:WXTextureTools.Application.FirstBundle.FirstBundleHandler.slim; File:.0
[CALL STACK][1]: Method:WXTextureTools.Application.AppCmdExec.WXSlimFirstBundleExec.todo; File:.0
[CALL STACK][2]: Method:WXTextureTools.Application.App.process; File:.0
</stackFrames>
</wxlog>
<wxlog>
  <threadId>#main</threadId>
  <timestamp>14:47:21:6870</timestamp>
  <msgtype>MsgMixture</msgtype>
  <content>string|string|bool
AssetBundleText slim - pngName,cfxr stretch rectangle ray.90458503,false</content>
  <stackFrames>
[CALL STACK][0]: Method:WXTextureTools.Application.FirstBundle.FirstBundleHandler.slim; File:.0
[CALL STACK][1]: Method:WXTextureTools.Application.AppCmdExec.WXSlimFirstBundleExec.todo; File:.0
[CALL STACK][2]: Method:WXTextureTools.Application.App.process; File:.0
</stackFrames>
</wxlog>
<wxlog>
  <threadId>#main</threadId>
  <timestamp>14:47:21:6900</timestamp>
  <msgtype>MsgMixture</msgtype>
  <content>string|string|bool
AssetBundleText slim - pngName,11.952eda19,false</content>
  <stackFrames>
[CALL STACK][0]: Method:WXTextureTools.Application.FirstBundle.FirstBundleHandler.slim; File:.0
[CALL STACK][1]: Method:WXTextureTools.Application.AppCmdExec.WXSlimFirstBundleExec.todo; File:.0
[CALL STACK][2]: Method:WXTextureTools.Application.App.process; File:.0
</stackFrames>
</wxlog>
<wxlog>
  <threadId>#main</threadId>
  <timestamp>14:47:21:6940</timestamp>
  <msgtype>MsgMixture</msgtype>
  <content>string|string|bool
AssetBundleText slim - pngName,07.00a21492,false</content>
  <stackFrames>
[CALL STACK][0]: Method:WXTextureTools.Application.FirstBundle.FirstBundleHandler.slim; File:.0
[CALL STACK][1]: Method:WXTextureTools.Application.AppCmdExec.WXSlimFirstBundleExec.todo; File:.0
[CALL STACK][2]: Method:WXTextureTools.Application.App.process; File:.0
</stackFrames>
</wxlog>
<wxlog>
  <threadId>#main</threadId>
  <timestamp>14:47:21:6980</timestamp>
  <msgtype>MsgMixture</msgtype>
  <content>string|string|bool
AssetBundleText slim - pngName,hexagons_medieval.e1557860,false</content>
  <stackFrames>
[CALL STACK][0]: Method:WXTextureTools.Application.FirstBundle.FirstBundleHandler.slim; File:.0
[CALL STACK][1]: Method:WXTextureTools.Application.AppCmdExec.WXSlimFirstBundleExec.todo; File:.0
[CALL STACK][2]: Method:WXTextureTools.Application.App.process; File:.0
</stackFrames>
</wxlog>
<wxlog>
  <threadId>#main</threadId>
  <timestamp>14:47:21:7000</timestamp>
  <msgtype>MsgMixture</msgtype>
  <content>string|string|bool
AssetBundleText slim - pngName,textbox.f93c827d,false</content>
  <stackFrames>
[CALL STACK][0]: Method:WXTextureTools.Application.FirstBundle.FirstBundleHandler.slim; File:.0
[CALL STACK][1]: Method:WXTextureTools.Application.AppCmdExec.WXSlimFirstBundleExec.todo; File:.0
[CALL STACK][2]: Method:WXTextureTools.Application.App.process; File:.0
</stackFrames>
</wxlog>
<wxlog>
  <threadId>#main</threadId>
  <timestamp>14:47:21:7040</timestamp>
  <msgtype>MsgMixture</msgtype>
  <content>string|string|bool
AssetBundleText slim - pngName,01.71215f2a,false</content>
  <stackFrames>
[CALL STACK][0]: Method:WXTextureTools.Application.FirstBundle.FirstBundleHandler.slim; File:.0
[CALL STACK][1]: Method:WXTextureTools.Application.AppCmdExec.WXSlimFirstBundleExec.todo; File:.0
[CALL STACK][2]: Method:WXTextureTools.Application.App.process; File:.0
</stackFrames>
</wxlog>
<wxlog>
  <threadId>#main</threadId>
  <timestamp>14:47:21:7090</timestamp>
  <msgtype>MsgMixture</msgtype>
  <content>string|string|bool
AssetBundleText slim - pngName,fog.37b559a4,false</content>
  <stackFrames>
[CALL STACK][0]: Method:WXTextureTools.Application.FirstBundle.FirstBundleHandler.slim; File:.0
[CALL STACK][1]: Method:WXTextureTools.Application.AppCmdExec.WXSlimFirstBundleExec.todo; File:.0
[CALL STACK][2]: Method:WXTextureTools.Application.App.process; File:.0
</stackFrames>
</wxlog>
<wxlog>
  <threadId>#main</threadId>
  <timestamp>14:47:21:7090</timestamp>
  <msgtype>MsgMixture</msgtype>
  <content>string|string|bool
AssetBundleText slim - pngName,cfxr stretch trait.6d192308,false</content>
  <stackFrames>
[CALL STACK][0]: Method:WXTextureTools.Application.FirstBundle.FirstBundleHandler.slim; File:.0
[CALL STACK][1]: Method:WXTextureTools.Application.AppCmdExec.WXSlimFirstBundleExec.todo; File:.0
[CALL STACK][2]: Method:WXTextureTools.Application.App.process; File:.0
</stackFrames>
</wxlog>
<wxlog>
  <threadId>#main</threadId>
  <timestamp>14:47:21:7120</timestamp>
  <msgtype>MsgMixture</msgtype>
  <content>string|string|bool
AssetBundleText slim - pngName,WinBG.92585113,false</content>
  <stackFrames>
[CALL STACK][0]: Method:WXTextureTools.Application.FirstBundle.FirstBundleHandler.slim; File:.0
[CALL STACK][1]: Method:WXTextureTools.Application.AppCmdExec.WXSlimFirstBundleExec.todo; File:.0
[CALL STACK][2]: Method:WXTextureTools.Application.App.process; File:.0
</stackFrames>
</wxlog>
<wxlog>
  <threadId>#main</threadId>
  <timestamp>14:47:21:7151</timestamp>
  <msgtype>MsgMixture</msgtype>
  <content>string|string|bool
AssetBundleText slim - pngName,WinBtn-02.506ae7c3,false</content>
  <stackFrames>
[CALL STACK][0]: Method:WXTextureTools.Application.FirstBundle.FirstBundleHandler.slim; File:.0
[CALL STACK][1]: Method:WXTextureTools.Application.AppCmdExec.WXSlimFirstBundleExec.todo; File:.0
[CALL STACK][2]: Method:WXTextureTools.Application.App.process; File:.0
</stackFrames>
</wxlog>
<wxlog>
  <threadId>#main</threadId>
  <timestamp>14:47:21:7151</timestamp>
  <msgtype>MsgMixture</msgtype>
  <content>string|string|bool
AssetBundleText slim - pngName,cfxr explosion smoke dissolve.1d5bd004,false</content>
  <stackFrames>
[CALL STACK][0]: Method:WXTextureTools.Application.FirstBundle.FirstBundleHandler.slim; File:.0
[CALL STACK][1]: Method:WXTextureTools.Application.AppCmdExec.WXSlimFirstBundleExec.todo; File:.0
[CALL STACK][2]: Method:WXTextureTools.Application.App.process; File:.0
</stackFrames>
</wxlog>
<wxlog>
  <threadId>#main</threadId>
  <timestamp>14:47:21:7161</timestamp>
  <msgtype>MsgMixture</msgtype>
  <content>string|string|bool
AssetBundleText slim - pngName,cfxr explosion smoke alpha.eca40dad,false</content>
  <stackFrames>
[CALL STACK][0]: Method:WXTextureTools.Application.FirstBundle.FirstBundleHandler.slim; File:.0
[CALL STACK][1]: Method:WXTextureTools.Application.AppCmdExec.WXSlimFirstBundleExec.todo; File:.0
[CALL STACK][2]: Method:WXTextureTools.Application.App.process; File:.0
</stackFrames>
</wxlog>
<wxlog>
  <threadId>#main</threadId>
  <timestamp>14:47:21:7161</timestamp>
  <msgtype>MsgMixture</msgtype>
  <content>string|string|bool
AssetBundleText slim - pngName,Circle03.dd116ff8,false</content>
  <stackFrames>
[CALL STACK][0]: Method:WXTextureTools.Application.FirstBundle.FirstBundleHandler.slim; File:.0
[CALL STACK][1]: Method:WXTextureTools.Application.AppCmdExec.WXSlimFirstBundleExec.todo; File:.0
[CALL STACK][2]: Method:WXTextureTools.Application.App.process; File:.0
</stackFrames>
</wxlog>
<wxlog>
  <threadId>#main</threadId>
  <timestamp>14:47:21:7171</timestamp>
  <msgtype>MsgMixture</msgtype>
  <content>string|string|bool
AssetBundleText slim - pngName,drop_green.677ba954,false</content>
  <stackFrames>
[CALL STACK][0]: Method:WXTextureTools.Application.FirstBundle.FirstBundleHandler.slim; File:.0
[CALL STACK][1]: Method:WXTextureTools.Application.AppCmdExec.WXSlimFirstBundleExec.todo; File:.0
[CALL STACK][2]: Method:WXTextureTools.Application.App.process; File:.0
</stackFrames>
</wxlog>
<wxlog>
  <threadId>#main</threadId>
  <timestamp>14:47:21:7211</timestamp>
  <msgtype>MsgMixture</msgtype>
  <content>string|string|bool
AssetBundleText slim - pngName,军事.730604c5,false</content>
  <stackFrames>
[CALL STACK][0]: Method:WXTextureTools.Application.FirstBundle.FirstBundleHandler.slim; File:.0
[CALL STACK][1]: Method:WXTextureTools.Application.AppCmdExec.WXSlimFirstBundleExec.todo; File:.0
[CALL STACK][2]: Method:WXTextureTools.Application.App.process; File:.0
</stackFrames>
</wxlog>
<wxlog>
  <threadId>#main</threadId>
  <timestamp>14:47:21:7221</timestamp>
  <msgtype>MsgMixture</msgtype>
  <content>string|string|bool
AssetBundleText slim - pngName,Tech&amp;CulturePoints.9feca253,false</content>
  <stackFrames>
[CALL STACK][0]: Method:WXTextureTools.Application.FirstBundle.FirstBundleHandler.slim; File:.0
[CALL STACK][1]: Method:WXTextureTools.Application.AppCmdExec.WXSlimFirstBundleExec.todo; File:.0
[CALL STACK][2]: Method:WXTextureTools.Application.App.process; File:.0
</stackFrames>
</wxlog>
<wxlog>
  <threadId>#main</threadId>
  <timestamp>14:47:21:7241</timestamp>
  <msgtype>MsgMixture</msgtype>
  <content>string|string|bool
AssetBundleText slim - pngName,WinText.70103190,false</content>
  <stackFrames>
[CALL STACK][0]: Method:WXTextureTools.Application.FirstBundle.FirstBundleHandler.slim; File:.0
[CALL STACK][1]: Method:WXTextureTools.Application.AppCmdExec.WXSlimFirstBundleExec.todo; File:.0
[CALL STACK][2]: Method:WXTextureTools.Application.App.process; File:.0
</stackFrames>
</wxlog>
<wxlog>
  <threadId>#main</threadId>
  <timestamp>14:47:21:7241</timestamp>
  <msgtype>MsgMixture</msgtype>
  <content>string|string|bool
AssetBundleText slim - pngName,7.53bcb32c,false</content>
  <stackFrames>
[CALL STACK][0]: Method:WXTextureTools.Application.FirstBundle.FirstBundleHandler.slim; File:.0
[CALL STACK][1]: Method:WXTextureTools.Application.AppCmdExec.WXSlimFirstBundleExec.todo; File:.0
[CALL STACK][2]: Method:WXTextureTools.Application.App.process; File:.0
</stackFrames>
</wxlog>
<wxlog>
  <threadId>#main</threadId>
  <timestamp>14:47:21:7251</timestamp>
  <msgtype>MsgMixture</msgtype>
  <content>string|string|bool
AssetBundleText slim - pngName,cfxr ring ice.2a0caf5b,false</content>
  <stackFrames>
[CALL STACK][0]: Method:WXTextureTools.Application.FirstBundle.FirstBundleHandler.slim; File:.0
[CALL STACK][1]: Method:WXTextureTools.Application.AppCmdExec.WXSlimFirstBundleExec.todo; File:.0
[CALL STACK][2]: Method:WXTextureTools.Application.App.process; File:.0
</stackFrames>
</wxlog>
<wxlog>
  <threadId>#main</threadId>
  <timestamp>14:47:21:7299</timestamp>
  <msgtype>MsgMixture</msgtype>
  <content>string|string|bool
AssetBundleText slim - pngName,archer.3ffc54d9,false</content>
  <stackFrames>
[CALL STACK][0]: Method:WXTextureTools.Application.FirstBundle.FirstBundleHandler.slim; File:.0
[CALL STACK][1]: Method:WXTextureTools.Application.AppCmdExec.WXSlimFirstBundleExec.todo; File:.0
[CALL STACK][2]: Method:WXTextureTools.Application.App.process; File:.0
</stackFrames>
</wxlog>
<wxlog>
  <threadId>#main</threadId>
  <timestamp>14:47:21:7329</timestamp>
  <msgtype>MsgMixture</msgtype>
  <content>string|string|bool
AssetBundleText slim - pngName,water.2126e088,false</content>
  <stackFrames>
[CALL STACK][0]: Method:WXTextureTools.Application.FirstBundle.FirstBundleHandler.slim; File:.0
[CALL STACK][1]: Method:WXTextureTools.Application.AppCmdExec.WXSlimFirstBundleExec.todo; File:.0
[CALL STACK][2]: Method:WXTextureTools.Application.App.process; File:.0
</stackFrames>
</wxlog>
<wxlog>
  <threadId>#main</threadId>
  <timestamp>14:47:21:7379</timestamp>
  <msgtype>MsgMixture</msgtype>
  <content>string|string|bool
AssetBundleText slim - pngName,swordsman.93b5707b,false</content>
  <stackFrames>
[CALL STACK][0]: Method:WXTextureTools.Application.FirstBundle.FirstBundleHandler.slim; File:.0
[CALL STACK][1]: Method:WXTextureTools.Application.AppCmdExec.WXSlimFirstBundleExec.todo; File:.0
[CALL STACK][2]: Method:WXTextureTools.Application.App.process; File:.0
</stackFrames>
</wxlog>
<wxlog>
  <threadId>#main</threadId>
  <timestamp>14:47:21:7398</timestamp>
  <msgtype>MsgMixture</msgtype>
  <content>string|string|bool
AssetBundleText slim - pngName,p1.e65d5bad,false</content>
  <stackFrames>
[CALL STACK][0]: Method:WXTextureTools.Application.FirstBundle.FirstBundleHandler.slim; File:.0
[CALL STACK][1]: Method:WXTextureTools.Application.AppCmdExec.WXSlimFirstBundleExec.todo; File:.0
[CALL STACK][2]: Method:WXTextureTools.Application.App.process; File:.0
</stackFrames>
</wxlog>
<wxlog>
  <threadId>#main</threadId>
  <timestamp>14:47:21:7438</timestamp>
  <msgtype>MsgMixture</msgtype>
  <content>string|string|bool
AssetBundleText slim - pngName,05.85fdd532,false</content>
  <stackFrames>
[CALL STACK][0]: Method:WXTextureTools.Application.FirstBundle.FirstBundleHandler.slim; File:.0
[CALL STACK][1]: Method:WXTextureTools.Application.AppCmdExec.WXSlimFirstBundleExec.todo; File:.0
[CALL STACK][2]: Method:WXTextureTools.Application.App.process; File:.0
</stackFrames>
</wxlog>
<wxlog>
  <threadId>#main</threadId>
  <timestamp>14:47:21:7488</timestamp>
  <msgtype>MsgMixture</msgtype>
  <content>string|string|bool
AssetBundleText slim - pngName,ArrowTower.ca80ae17,false</content>
  <stackFrames>
[CALL STACK][0]: Method:WXTextureTools.Application.FirstBundle.FirstBundleHandler.slim; File:.0
[CALL STACK][1]: Method:WXTextureTools.Application.AppCmdExec.WXSlimFirstBundleExec.todo; File:.0
[CALL STACK][2]: Method:WXTextureTools.Application.App.process; File:.0
</stackFrames>
</wxlog>
<wxlog>
  <threadId>#main</threadId>
  <timestamp>14:47:21:7498</timestamp>
  <msgtype>MsgMixture</msgtype>
  <content>string|string|bool
AssetBundleText slim - pngName,cfxr spikes impact.3e5f9ba4,false</content>
  <stackFrames>
[CALL STACK][0]: Method:WXTextureTools.Application.FirstBundle.FirstBundleHandler.slim; File:.0
[CALL STACK][1]: Method:WXTextureTools.Application.AppCmdExec.WXSlimFirstBundleExec.todo; File:.0
[CALL STACK][2]: Method:WXTextureTools.Application.App.process; File:.0
</stackFrames>
</wxlog>
<wxlog>
  <threadId>#main</threadId>
  <timestamp>14:47:21:7548</timestamp>
  <msgtype>MsgMixture</msgtype>
  <content>string|string|bool
AssetBundleText slim - pngName,08.c755ec64,false</content>
  <stackFrames>
[CALL STACK][0]: Method:WXTextureTools.Application.FirstBundle.FirstBundleHandler.slim; File:.0
[CALL STACK][1]: Method:WXTextureTools.Application.AppCmdExec.WXSlimFirstBundleExec.todo; File:.0
[CALL STACK][2]: Method:WXTextureTools.Application.App.process; File:.0
</stackFrames>
</wxlog>
<wxlog>
  <threadId>#main</threadId>
  <timestamp>14:47:21:7588</timestamp>
  <msgtype>MsgMixture</msgtype>
  <content>string|string|bool
AssetBundleText slim - pngName,09.1a06d511,false</content>
  <stackFrames>
[CALL STACK][0]: Method:WXTextureTools.Application.FirstBundle.FirstBundleHandler.slim; File:.0
[CALL STACK][1]: Method:WXTextureTools.Application.AppCmdExec.WXSlimFirstBundleExec.todo; File:.0
[CALL STACK][2]: Method:WXTextureTools.Application.App.process; File:.0
</stackFrames>
</wxlog>
<wxlog>
  <threadId>#main</threadId>
  <timestamp>14:47:21:7598</timestamp>
  <msgtype>MsgMixture</msgtype>
  <content>string|string|bool
AssetBundleText slim - pngName,Circle02.08fff4c5,false</content>
  <stackFrames>
[CALL STACK][0]: Method:WXTextureTools.Application.FirstBundle.FirstBundleHandler.slim; File:.0
[CALL STACK][1]: Method:WXTextureTools.Application.AppCmdExec.WXSlimFirstBundleExec.todo; File:.0
[CALL STACK][2]: Method:WXTextureTools.Application.App.process; File:.0
</stackFrames>
</wxlog>
<wxlog>
  <threadId>#main</threadId>
  <timestamp>14:47:21:7618</timestamp>
  <msgtype>MsgMixture</msgtype>
  <content>string|string|bool
AssetBundleText slim - pngName,近战血条.e90964ca,false</content>
  <stackFrames>
[CALL STACK][0]: Method:WXTextureTools.Application.FirstBundle.FirstBundleHandler.slim; File:.0
[CALL STACK][1]: Method:WXTextureTools.Application.AppCmdExec.WXSlimFirstBundleExec.todo; File:.0
[CALL STACK][2]: Method:WXTextureTools.Application.App.process; File:.0
</stackFrames>
</wxlog>
<wxlog>
  <threadId>#main</threadId>
  <timestamp>14:47:21:7658</timestamp>
  <msgtype>MsgMixture</msgtype>
  <content>string|string|bool
AssetBundleText slim - pngName,sword.0936568e,false</content>
  <stackFrames>
[CALL STACK][0]: Method:WXTextureTools.Application.FirstBundle.FirstBundleHandler.slim; File:.0
[CALL STACK][1]: Method:WXTextureTools.Application.AppCmdExec.WXSlimFirstBundleExec.todo; File:.0
[CALL STACK][2]: Method:WXTextureTools.Application.App.process; File:.0
</stackFrames>
</wxlog>
<wxlog>
  <threadId>#main</threadId>
  <timestamp>14:47:21:7698</timestamp>
  <msgtype>MsgMixture</msgtype>
  <content>string|string|bool
AssetBundleText slim - pngName,三选一-蓝.b4985863,false</content>
  <stackFrames>
[CALL STACK][0]: Method:WXTextureTools.Application.FirstBundle.FirstBundleHandler.slim; File:.0
[CALL STACK][1]: Method:WXTextureTools.Application.AppCmdExec.WXSlimFirstBundleExec.todo; File:.0
[CALL STACK][2]: Method:WXTextureTools.Application.App.process; File:.0
</stackFrames>
</wxlog>
<wxlog>
  <threadId>#main</threadId>
  <timestamp>14:47:21:7698</timestamp>
  <msgtype>MsgMixture</msgtype>
  <content>string|string|bool
AssetBundleText slim - pngName,Square02.69d3754f,false</content>
  <stackFrames>
[CALL STACK][0]: Method:WXTextureTools.Application.FirstBundle.FirstBundleHandler.slim; File:.0
[CALL STACK][1]: Method:WXTextureTools.Application.AppCmdExec.WXSlimFirstBundleExec.todo; File:.0
[CALL STACK][2]: Method:WXTextureTools.Application.App.process; File:.0
</stackFrames>
</wxlog>
<wxlog>
  <threadId>#main</threadId>
  <timestamp>14:47:21:7698</timestamp>
  <msgtype>MsgMixture</msgtype>
  <content>string|string|bool
AssetBundleText slim - pngName,cfxr hit triangle.41af73b5,false</content>
  <stackFrames>
[CALL STACK][0]: Method:WXTextureTools.Application.FirstBundle.FirstBundleHandler.slim; File:.0
[CALL STACK][1]: Method:WXTextureTools.Application.AppCmdExec.WXSlimFirstBundleExec.todo; File:.0
[CALL STACK][2]: Method:WXTextureTools.Application.App.process; File:.0
</stackFrames>
</wxlog>
<wxlog>
  <threadId>#main</threadId>
  <timestamp>14:47:21:7708</timestamp>
  <msgtype>MsgMixture</msgtype>
  <content>string|string|bool
AssetBundleText slim - pngName,cfxr smoke cloud x4 dissolve.0e220862,false</content>
  <stackFrames>
[CALL STACK][0]: Method:WXTextureTools.Application.FirstBundle.FirstBundleHandler.slim; File:.0
[CALL STACK][1]: Method:WXTextureTools.Application.AppCmdExec.WXSlimFirstBundleExec.todo; File:.0
[CALL STACK][2]: Method:WXTextureTools.Application.App.process; File:.0
</stackFrames>
</wxlog>
<wxlog>
  <threadId>#main</threadId>
  <timestamp>14:47:21:7748</timestamp>
  <msgtype>MsgMixture</msgtype>
  <content>string|string|bool
AssetBundleText slim - pngName,gold.6a414d91,false</content>
  <stackFrames>
[CALL STACK][0]: Method:WXTextureTools.Application.FirstBundle.FirstBundleHandler.slim; File:.0
[CALL STACK][1]: Method:WXTextureTools.Application.AppCmdExec.WXSlimFirstBundleExec.todo; File:.0
[CALL STACK][2]: Method:WXTextureTools.Application.App.process; File:.0
</stackFrames>
</wxlog>
<wxlog>
  <threadId>#main</threadId>
  <timestamp>14:47:21:7758</timestamp>
  <msgtype>MsgMixture</msgtype>
  <content>string|string|bool
AssetBundleText slim - pngName,UI-暂停.3f470a8a,false</content>
  <stackFrames>
[CALL STACK][0]: Method:WXTextureTools.Application.FirstBundle.FirstBundleHandler.slim; File:.0
[CALL STACK][1]: Method:WXTextureTools.Application.AppCmdExec.WXSlimFirstBundleExec.todo; File:.0
[CALL STACK][2]: Method:WXTextureTools.Application.App.process; File:.0
</stackFrames>
</wxlog>
<wxlog>
  <threadId>#main</threadId>
  <timestamp>14:47:21:7787</timestamp>
  <msgtype>MsgMixture</msgtype>
  <content>string|string|bool
AssetBundleText slim - pngName,fog2.890a7a16,false</content>
  <stackFrames>
[CALL STACK][0]: Method:WXTextureTools.Application.FirstBundle.FirstBundleHandler.slim; File:.0
[CALL STACK][1]: Method:WXTextureTools.Application.AppCmdExec.WXSlimFirstBundleExec.todo; File:.0
[CALL STACK][2]: Method:WXTextureTools.Application.App.process; File:.0
</stackFrames>
</wxlog>
<wxlog>
  <threadId>#main</threadId>
  <timestamp>14:47:21:7787</timestamp>
  <msgtype>MsgMixture</msgtype>
  <content>string|string|bool
AssetBundleText slim - pngName,cfxr explosion second color map.fd64eeaf,false</content>
  <stackFrames>
[CALL STACK][0]: Method:WXTextureTools.Application.FirstBundle.FirstBundleHandler.slim; File:.0
[CALL STACK][1]: Method:WXTextureTools.Application.AppCmdExec.WXSlimFirstBundleExec.todo; File:.0
[CALL STACK][2]: Method:WXTextureTools.Application.App.process; File:.0
</stackFrames>
</wxlog>
<wxlog>
  <threadId>#main</threadId>
  <timestamp>14:47:21:7817</timestamp>
  <msgtype>MsgMixture</msgtype>
  <content>string|string|bool
AssetBundleText slim - pngName,WK_Standard_Units_Red.ccf96952,false</content>
  <stackFrames>
[CALL STACK][0]: Method:WXTextureTools.Application.FirstBundle.FirstBundleHandler.slim; File:.0
[CALL STACK][1]: Method:WXTextureTools.Application.AppCmdExec.WXSlimFirstBundleExec.todo; File:.0
[CALL STACK][2]: Method:WXTextureTools.Application.App.process; File:.0
</stackFrames>
</wxlog>
<wxlog>
  <threadId>#main</threadId>
  <timestamp>14:47:21:7837</timestamp>
  <msgtype>MsgMixture</msgtype>
  <content>string|string|bool
AssetBundleText slim - pngName,Circle05.7a69346e,false</content>
  <stackFrames>
[CALL STACK][0]: Method:WXTextureTools.Application.FirstBundle.FirstBundleHandler.slim; File:.0
[CALL STACK][1]: Method:WXTextureTools.Application.AppCmdExec.WXSlimFirstBundleExec.todo; File:.0
[CALL STACK][2]: Method:WXTextureTools.Application.App.process; File:.0
</stackFrames>
</wxlog>
<wxlog>
  <threadId>#main</threadId>
  <timestamp>14:47:21:7887</timestamp>
  <msgtype>MsgMixture</msgtype>
  <content>string|string|bool
AssetBundleText slim - pngName,占位.41930c15,false</content>
  <stackFrames>
[CALL STACK][0]: Method:WXTextureTools.Application.FirstBundle.FirstBundleHandler.slim; File:.0
[CALL STACK][1]: Method:WXTextureTools.Application.AppCmdExec.WXSlimFirstBundleExec.todo; File:.0
[CALL STACK][2]: Method:WXTextureTools.Application.App.process; File:.0
</stackFrames>
</wxlog>
<wxlog>
  <threadId>#main</threadId>
  <timestamp>14:47:21:8027</timestamp>
  <msgtype>MsgMixture</msgtype>
  <content>string|string|bool
AssetBundleText slim - pngName,aerial_beach_01_diff_4k.ef3245a5,false</content>
  <stackFrames>
[CALL STACK][0]: Method:WXTextureTools.Application.FirstBundle.FirstBundleHandler.slim; File:.0
[CALL STACK][1]: Method:WXTextureTools.Application.AppCmdExec.WXSlimFirstBundleExec.todo; File:.0
[CALL STACK][2]: Method:WXTextureTools.Application.App.process; File:.0
</stackFrames>
</wxlog>
<wxlog>
  <threadId>#main</threadId>
  <timestamp>14:47:21:8027</timestamp>
  <msgtype>MsgMixture</msgtype>
  <content>string|string|bool
AssetBundleText slim - pngName,Font Texture.8f00b204,false</content>
  <stackFrames>
[CALL STACK][0]: Method:WXTextureTools.Application.FirstBundle.FirstBundleHandler.slim; File:.0
[CALL STACK][1]: Method:WXTextureTools.Application.AppCmdExec.WXSlimFirstBundleExec.todo; File:.0
[CALL STACK][2]: Method:WXTextureTools.Application.App.process; File:.0
</stackFrames>
</wxlog>
<wxlog>
  <threadId>#main</threadId>
  <timestamp>14:47:21:8057</timestamp>
  <msgtype>MsgMixture</msgtype>
  <content>string|string|bool
AssetBundleText slim - pngName,GoldMine.3a0f86b0,false</content>
  <stackFrames>
[CALL STACK][0]: Method:WXTextureTools.Application.FirstBundle.FirstBundleHandler.slim; File:.0
[CALL STACK][1]: Method:WXTextureTools.Application.AppCmdExec.WXSlimFirstBundleExec.todo; File:.0
[CALL STACK][2]: Method:WXTextureTools.Application.App.process; File:.0
</stackFrames>
</wxlog>
<wxlog>
  <threadId>#main</threadId>
  <timestamp>14:47:21:8102</timestamp>
  <msgtype>MsgMixture</msgtype>
  <content>string|string|bool
AssetBundleText slim - pngName,DefeatBG.e8cf24e0,false</content>
  <stackFrames>
[CALL STACK][0]: Method:WXTextureTools.Application.FirstBundle.FirstBundleHandler.slim; File:.0
[CALL STACK][1]: Method:WXTextureTools.Application.AppCmdExec.WXSlimFirstBundleExec.todo; File:.0
[CALL STACK][2]: Method:WXTextureTools.Application.App.process; File:.0
</stackFrames>
</wxlog>
<wxlog>
  <threadId>#main</threadId>
  <timestamp>14:47:21:8142</timestamp>
  <msgtype>MsgMixture</msgtype>
  <content>string|string|bool
AssetBundleText slim - pngName,unit.606a3674,false</content>
  <stackFrames>
[CALL STACK][0]: Method:WXTextureTools.Application.FirstBundle.FirstBundleHandler.slim; File:.0
[CALL STACK][1]: Method:WXTextureTools.Application.AppCmdExec.WXSlimFirstBundleExec.todo; File:.0
[CALL STACK][2]: Method:WXTextureTools.Application.App.process; File:.0
</stackFrames>
</wxlog>
<wxlog>
  <threadId>#main</threadId>
  <timestamp>14:47:21:8152</timestamp>
  <msgtype>MsgMixture</msgtype>
  <content>string|string|bool
AssetBundleText slim - pngName,cover.65c64e0c,false</content>
  <stackFrames>
[CALL STACK][0]: Method:WXTextureTools.Application.FirstBundle.FirstBundleHandler.slim; File:.0
[CALL STACK][1]: Method:WXTextureTools.Application.AppCmdExec.WXSlimFirstBundleExec.todo; File:.0
[CALL STACK][2]: Method:WXTextureTools.Application.App.process; File:.0
</stackFrames>
</wxlog>
<wxlog>
  <threadId>#main</threadId>
  <timestamp>14:47:21:8194</timestamp>
  <msgtype>MsgMixture</msgtype>
  <content>string|string|bool
AssetBundleText slim - pngName,heart.b048a6de,false</content>
  <stackFrames>
[CALL STACK][0]: Method:WXTextureTools.Application.FirstBundle.FirstBundleHandler.slim; File:.0
[CALL STACK][1]: Method:WXTextureTools.Application.AppCmdExec.WXSlimFirstBundleExec.todo; File:.0
[CALL STACK][2]: Method:WXTextureTools.Application.App.process; File:.0
</stackFrames>
</wxlog>
<wxlog>
  <threadId>#main</threadId>
  <timestamp>14:47:21:8194</timestamp>
  <msgtype>MsgMixture</msgtype>
  <content>string|string|bool
AssetBundleText slim - pngName,Reward.48159b1b,false</content>
  <stackFrames>
[CALL STACK][0]: Method:WXTextureTools.Application.FirstBundle.FirstBundleHandler.slim; File:.0
[CALL STACK][1]: Method:WXTextureTools.Application.AppCmdExec.WXSlimFirstBundleExec.todo; File:.0
[CALL STACK][2]: Method:WXTextureTools.Application.App.process; File:.0
</stackFrames>
</wxlog>
<wxlog>
  <threadId>#main</threadId>
  <timestamp>14:47:21:8204</timestamp>
  <msgtype>MsgMixture</msgtype>
  <content>string|string|bool
AssetBundleText slim - pngName,drop.938f95d8,false</content>
  <stackFrames>
[CALL STACK][0]: Method:WXTextureTools.Application.FirstBundle.FirstBundleHandler.slim; File:.0
[CALL STACK][1]: Method:WXTextureTools.Application.AppCmdExec.WXSlimFirstBundleExec.todo; File:.0
[CALL STACK][2]: Method:WXTextureTools.Application.App.process; File:.0
</stackFrames>
</wxlog>
<wxlog>
  <threadId>#main</threadId>
  <timestamp>14:47:21:8204</timestamp>
  <msgtype>MsgMixture</msgtype>
  <content>string|string|bool
AssetBundleText slim - pngName,10.babc1691,false</content>
  <stackFrames>
[CALL STACK][0]: Method:WXTextureTools.Application.FirstBundle.FirstBundleHandler.slim; File:.0
[CALL STACK][1]: Method:WXTextureTools.Application.AppCmdExec.WXSlimFirstBundleExec.todo; File:.0
[CALL STACK][2]: Method:WXTextureTools.Application.App.process; File:.0
</stackFrames>
</wxlog>
<wxlog>
  <threadId>#main</threadId>
  <timestamp>14:47:21:8204</timestamp>
  <msgtype>MsgMixture</msgtype>
  <content>string|string|bool
AssetBundleText slim - pngName,cfxr hit triangle dissolve.4df45415,false</content>
  <stackFrames>
[CALL STACK][0]: Method:WXTextureTools.Application.FirstBundle.FirstBundleHandler.slim; File:.0
[CALL STACK][1]: Method:WXTextureTools.Application.AppCmdExec.WXSlimFirstBundleExec.todo; File:.0
[CALL STACK][2]: Method:WXTextureTools.Application.App.process; File:.0
</stackFrames>
</wxlog>
<wxlog>
  <threadId>#main</threadId>
  <timestamp>14:47:21:8254</timestamp>
  <msgtype>MsgMixture</msgtype>
  <content>string|string|bool
AssetBundleText slim - pngName,指令.2bb9921b,false</content>
  <stackFrames>
[CALL STACK][0]: Method:WXTextureTools.Application.FirstBundle.FirstBundleHandler.slim; File:.0
[CALL STACK][1]: Method:WXTextureTools.Application.AppCmdExec.WXSlimFirstBundleExec.todo; File:.0
[CALL STACK][2]: Method:WXTextureTools.Application.App.process; File:.0
</stackFrames>
</wxlog>
<wxlog>
  <threadId>#main</threadId>
  <timestamp>14:47:21:8282</timestamp>
  <msgtype>MsgMixture</msgtype>
  <content>string|string|bool
AssetBundleText slim - pngName,金币+底部.46cb6704,false</content>
  <stackFrames>
[CALL STACK][0]: Method:WXTextureTools.Application.FirstBundle.FirstBundleHandler.slim; File:.0
[CALL STACK][1]: Method:WXTextureTools.Application.AppCmdExec.WXSlimFirstBundleExec.todo; File:.0
[CALL STACK][2]: Method:WXTextureTools.Application.App.process; File:.0
</stackFrames>
</wxlog>
<wxlog>
  <threadId>#main</threadId>
  <timestamp>14:47:21:8292</timestamp>
  <msgtype>MsgMixture</msgtype>
  <content>string|string|bool
AssetBundleText slim - pngName,blueNoiseVL.c6cce242,false</content>
  <stackFrames>
[CALL STACK][0]: Method:WXTextureTools.Application.FirstBundle.FirstBundleHandler.slim; File:.0
[CALL STACK][1]: Method:WXTextureTools.Application.AppCmdExec.WXSlimFirstBundleExec.todo; File:.0
[CALL STACK][2]: Method:WXTextureTools.Application.App.process; File:.0
</stackFrames>
</wxlog>
<wxlog>
  <threadId>#main</threadId>
  <timestamp>14:47:21:8302</timestamp>
  <msgtype>MsgMixture</msgtype>
  <content>string|string|bool
AssetBundleText slim - pngName,target.d741afa9,false</content>
  <stackFrames>
[CALL STACK][0]: Method:WXTextureTools.Application.FirstBundle.FirstBundleHandler.slim; File:.0
[CALL STACK][1]: Method:WXTextureTools.Application.AppCmdExec.WXSlimFirstBundleExec.todo; File:.0
[CALL STACK][2]: Method:WXTextureTools.Application.App.process; File:.0
</stackFrames>
</wxlog>
<wxlog>
  <threadId>#main</threadId>
  <timestamp>14:47:21:8352</timestamp>
  <msgtype>MsgMixture</msgtype>
  <content>string|string|bool
AssetBundleText slim - pngName,EmojiOne.9438d40e,false</content>
  <stackFrames>
[CALL STACK][0]: Method:WXTextureTools.Application.FirstBundle.FirstBundleHandler.slim; File:.0
[CALL STACK][1]: Method:WXTextureTools.Application.AppCmdExec.WXSlimFirstBundleExec.todo; File:.0
[CALL STACK][2]: Method:WXTextureTools.Application.App.process; File:.0
</stackFrames>
</wxlog>
